timeStamp,elapsed,label,responseMessage,threadName,success,failureMessage,sentBytes,grpThreads,allThreads,Latency,IdleTime
1544903492292,1265,10.128.0.4 CPU,,,true,,0,0,0,0,0
1544903493294,100000,10.128.0.4 CPU,,,true,,0,0,0,0,0
1544903494310,99000,10.128.0.4 CPU,,,true,,0,0,0,0,0
1544903495325,98000,10.128.0.4 CPU,,,true,,0,0,0,0,0
1544903496326,100000,10.128.0.4 CPU,,,true,,0,0,0,0,0
1544903497341,99000,10.128.0.4 CPU,,,true,,0,0,0,0,0
1544903498341,98039,10.128.0.4 CPU,,,true,,0,0,0,0,0
1544903499357,99000,10.128.0.4 CPU,,,true,,0,0,0,0,0
1544903500357,99000,10.128.0.4 CPU,,,true,,0,0,0,0,0
1544903501357,100000,10.128.0.4 CPU,,,true,,0,0,0,0,0
1544903502372,98019,10.128.0.4 CPU,,,true,,0,0,0,0,0
1544903503388,98989,10.128.0.4 CPU,,,true,,0,0,0,0,0
1544903504388,99009,10.128.0.4 CPU,,,true,,0,0,0,0,0
1544903505404,98000,10.128.0.4 CPU,,,true,,0,0,0,0,0
1544903506419,99009,10.128.0.4 CPU,,,true,,0,0,0,0,0
1544903507419,99009,10.128.0.4 CPU,,,true,,0,0,0,0,0
1544903508435,99009,10.128.0.4 CPU,,,true,,0,0,0,0,0
1544903509450,100000,10.128.0.4 CPU,,,true,,0,0,0,0,0
1544903510451,99000,10.128.0.4 CPU,,,true,,0,0,0,0,0
1544903511466,98019,10.128.0.4 CPU,,,true,,0,0,0,0,0
1544903512482,99009,10.128.0.4 CPU,,,true,,0,0,0,0,0
1544903513482,99009,10.128.0.4 CPU,,,true,,0,0,0,0,0
1544903514482,98019,10.128.0.4 CPU,,,true,,0,0,0,0,0
1544903515497,99000,10.128.0.4 CPU,,,true,,0,0,0,0,0
1544903516497,99009,10.128.0.4 CPU,,,true,,0,0,0,0,0
1544903517497,100000,10.128.0.4 CPU,,,true,,0,0,0,0,0
1544903518499,99000,10.128.0.4 CPU,,,true,,0,0,0,0,0
1544903519513,98019,10.128.0.4 CPU,,,true,,0,0,0,0,0
1544903520513,99000,10.128.0.4 CPU,,,true,,0,0,0,0,0
1544903521529,99009,10.128.0.4 CPU,,,true,,0,0,0,0,0
1544903522544,99009,10.128.0.4 CPU,,,true,,0,0,0,0,0
1544903523544,99000,10.128.0.4 CPU,,,true,,0,0,0,0,0
1544903524561,100000,10.128.0.4 CPU,,,true,,0,0,0,0,0
1544903525576,98039,10.128.0.4 CPU,,,true,,0,0,0,0,0
1544903526576,98989,10.128.0.4 CPU,,,true,,0,0,0,0,0
1544903527591,100000,10.128.0.4 CPU,,,true,,0,0,0,0,0
1544903528607,99009,10.128.0.4 CPU,,,true,,0,0,0,0,0
1544903529622,99000,10.128.0.4 CPU,,,true,,0,0,0,0,0
1544903530622,98989,10.128.0.4 CPU,,,true,,0,0,0,0,0
1544903531622,99009,10.128.0.4 CPU,,,true,,0,0,0,0,0
1544903532623,99000,10.128.0.4 CPU,,,true,,0,0,0,0,0
1544903533638,98989,10.128.0.4 CPU,,,true,,0,0,0,0,0
1544903534638,99009,10.128.0.4 CPU,,,true,,0,0,0,0,0
1544903535654,99000,10.128.0.4 CPU,,,true,,0,0,0,0,0
1544903536654,99009,10.128.0.4 CPU,,,true,,0,0,0,0,0
1544903537669,98989,10.128.0.4 CPU,,,true,,0,0,0,0,0
1544903538685,99000,10.128.0.4 CPU,,,true,,0,0,0,0,0
1544903539685,99009,10.128.0.4 CPU,,,true,,0,0,0,0,0
1544903540701,99000,10.128.0.4 CPU,,,true,,0,0,0,0,0
1544903541716,99009,10.128.0.4 CPU,,,true,,0,0,0,0,0
1544903542732,98989,10.128.0.4 CPU,,,true,,0,0,0,0,0
1544903543748,98019,10.128.0.4 CPU,,,true,,0,0,0,0,0
1544903544748,99000,10.128.0.4 CPU,,,true,,0,0,0,0,0
1544903545763,98989,10.128.0.4 CPU,,,true,,0,0,0,0,0
1544903546779,98039,10.128.0.4 CPU,,,true,,0,0,0,0,0
1544903547794,98989,10.128.0.4 CPU,,,true,,0,0,0,0,0
1544903548810,100000,10.128.0.4 CPU,,,true,,0,0,0,0,0
1544903549826,99009,10.128.0.4 CPU,,,true,,0,0,0,0,0
1544903550826,98989,10.128.0.4 CPU,,,true,,0,0,0,0,0
1544903551841,99009,10.128.0.4 CPU,,,true,,0,0,0,0,0
1544903552857,99000,10.128.0.4 CPU,,,true,,0,0,0,0,0
1544903553857,98019,10.128.0.4 CPU,,,true,,0,0,0,0,0
1544903554857,99000,10.128.0.4 CPU,,,true,,0,0,0,0,0
1544903555872,99000,10.128.0.4 CPU,,,true,,0,0,0,0,0
1544903556873,99000,10.128.0.4 CPU,,,true,,0,0,0,0,0
1544903557888,99009,10.128.0.4 CPU,,,true,,0,0,0,0,0
1544903558888,99000,10.128.0.4 CPU,,,true,,0,0,0,0,0
1544903559888,98989,10.128.0.4 CPU,,,true,,0,0,0,0,0
1544903560888,99000,10.128.0.4 CPU,,,true,,0,0,0,0,0
1544903561904,98019,10.128.0.4 CPU,,,true,,0,0,0,0,0
1544903562904,99000,10.128.0.4 CPU,,,true,,0,0,0,0,0
1544903563904,99000,10.128.0.4 CPU,,,true,,0,0,0,0,0
1544903564904,100000,10.128.0.4 CPU,,,true,,0,0,0,0,0
1544903565904,98989,10.128.0.4 CPU,,,true,,0,0,0,0,0
1544903566919,99019,10.128.0.4 CPU,,,true,,0,0,0,0,0
1544903567919,98979,10.128.0.4 CPU,,,true,,0,0,0,0,0
1544903568935,99009,10.128.0.4 CPU,,,true,,0,0,0,0,0
1544903569951,99009,10.128.0.4 CPU,,,true,,0,0,0,0,0
1544903570966,100000,10.128.0.4 CPU,,,true,,0,0,0,0,0
1544903571982,98989,10.128.0.4 CPU,,,true,,0,0,0,0,0
1544903572998,99009,10.128.0.4 CPU,,,true,,0,0,0,0,0
1544903574013,98019,10.128.0.4 CPU,,,true,,0,0,0,0,0
1544903575029,100000,10.128.0.4 CPU,,,true,,0,0,0,0,0
1544903576044,100000,10.128.0.4 CPU,,,true,,0,0,0,0,0
1544903577060,99009,10.128.0.4 CPU,,,true,,0,0,0,0,0
1544903578060,98019,10.128.0.4 CPU,,,true,,0,0,0,0,0
1544903579076,99000,10.128.0.4 CPU,,,true,,0,0,0,0,0
1544903580091,100000,10.128.0.4 CPU,,,true,,0,0,0,0,0
1544903581107,99009,10.128.0.4 CPU,,,true,,0,0,0,0,0
1544903582122,99000,10.128.0.4 CPU,,,true,,0,0,0,0,0
1544903583122,98019,10.128.0.4 CPU,,,true,,0,0,0,0,0
1544903584123,100000,10.128.0.4 CPU,,,true,,0,0,0,0,0
1544903585138,99000,10.128.0.4 CPU,,,true,,0,0,0,0,0
1544903586138,99000,10.128.0.4 CPU,,,true,,0,0,0,0,0
1544903587138,99009,10.128.0.4 CPU,,,true,,0,0,0,0,0
1544903588154,99000,10.128.0.4 CPU,,,true,,0,0,0,0,0
1544903589169,98989,10.128.0.4 CPU,,,true,,0,0,0,0,0
1544903590169,99009,10.128.0.4 CPU,,,true,,0,0,0,0,0
1544903591185,99000,10.128.0.4 CPU,,,true,,0,0,0,0,0
1544903592185,100000,10.128.0.4 CPU,,,true,,0,0,0,0,0
1544903593185,98019,10.128.0.4 CPU,,,true,,0,0,0,0,0
1544903594201,99000,10.128.0.4 CPU,,,true,,0,0,0,0,0
1544903595216,98989,10.128.0.4 CPU,,,true,,0,0,0,0,0
1544903596216,98019,10.128.0.4 CPU,,,true,,0,0,0,0,0
1544903597216,98989,10.128.0.4 CPU,,,true,,0,0,0,0,0
1544903598232,99009,10.128.0.4 CPU,,,true,,0,0,0,0,0
1544903599248,99000,10.128.0.4 CPU,,,true,,0,0,0,0,0
1544903600263,98989,10.128.0.4 CPU,,,true,,0,0,0,0,0
1544903601263,97058,10.128.0.4 CPU,,,true,,0,0,0,0,0
1544903602279,99000,10.128.0.4 CPU,,,true,,0,0,0,0,0
1544903603279,99000,10.128.0.4 CPU,,,true,,0,0,0,0,0
1544903604295,99000,10.128.0.4 CPU,,,true,,0,0,0,0,0
1544903605310,98019,10.128.0.4 CPU,,,true,,0,0,0,0,0
1544903606326,99000,10.128.0.4 CPU,,,true,,0,0,0,0,0
1544903607341,99000,10.128.0.4 CPU,,,true,,0,0,0,0,0
1544903608357,99000,10.128.0.4 CPU,,,true,,0,0,0,0,0
1544903609373,98989,10.128.0.4 CPU,,,true,,0,0,0,0,0
1544903610373,99009,10.128.0.4 CPU,,,true,,0,0,0,0,0
1544903611388,99009,10.128.0.4 CPU,,,true,,0,0,0,0,0
1544903612404,99009,10.128.0.4 CPU,,,true,,0,0,0,0,0
1544903613420,99000,10.128.0.4 CPU,,,true,,0,0,0,0,0
1544903614435,100000,10.128.0.4 CPU,,,true,,0,0,0,0,0
1544903615451,98039,10.128.0.4 CPU,,,true,,0,0,0,0,0
1544903616451,99009,10.128.0.4 CPU,,,true,,0,0,0,0,0
1544903617451,100000,10.128.0.4 CPU,,,true,,0,0,0,0,0
1544903618467,99009,10.128.0.4 CPU,,,true,,0,0,0,0,0
1544903619467,98000,10.128.0.4 CPU,,,true,,0,0,0,0,0
1544903620498,99000,10.128.0.4 CPU,,,true,,0,0,0,0,0
1544903621498,100000,10.128.0.4 CPU,,,true,,0,0,0,0,0
1544903622498,98039,10.128.0.4 CPU,,,true,,0,0,0,0,0
1544903623513,100000,10.128.0.4 CPU,,,true,,0,0,0,0,0
1544903624514,99009,10.128.0.4 CPU,,,true,,0,0,0,0,0
1544903625529,98000,10.128.0.4 CPU,,,true,,0,0,0,0,0
1544903626529,99000,10.128.0.4 CPU,,,true,,0,0,0,0,0
1544903627701,99000,10.128.0.4 CPU,,,true,,0,0,0,0,0
1544903628716,99000,10.128.0.4 CPU,,,true,,0,0,0,0,0
1544903629717,99019,10.128.0.4 CPU,,,true,,0,0,0,0,0
1544903630732,98989,10.128.0.4 CPU,,,true,,0,0,0,0,0
1544903631748,99000,10.128.0.4 CPU,,,true,,0,0,0,0,0
1544903632748,98019,10.128.0.4 CPU,,,true,,0,0,0,0,0
1544903633763,98989,10.128.0.4 CPU,,,true,,0,0,0,0,0
1544903634763,99000,10.128.0.4 CPU,,,true,,0,0,0,0,0
1544903635779,99009,10.128.0.4 CPU,,,true,,0,0,0,0,0
1544903636779,99000,10.128.0.4 CPU,,,true,,0,0,0,0,0
1544903637794,99009,10.128.0.4 CPU,,,true,,0,0,0,0,0
1544903638810,99009,10.128.0.4 CPU,,,true,,0,0,0,0,0
1544903639826,99000,10.128.0.4 CPU,,,true,,0,0,0,0,0
1544903640841,99000,10.128.0.4 CPU,,,true,,0,0,0,0,0
1544903641857,99009,10.128.0.4 CPU,,,true,,0,0,0,0,0
1544903642873,99000,10.128.0.4 CPU,,,true,,0,0,0,0,0
1544903643889,99000,10.128.0.4 CPU,,,true,,0,0,0,0,0
1544903644904,98019,10.128.0.4 CPU,,,true,,0,0,0,0,0
1544903645920,99009,10.128.0.4 CPU,,,true,,0,0,0,0,0
1544903646935,99000,10.128.0.4 CPU,,,true,,0,0,0,0,0
1544903647935,99009,10.128.0.4 CPU,,,true,,0,0,0,0,0
1544903648951,100000,10.128.0.4 CPU,,,true,,0,0,0,0,0
1544903649967,98019,10.128.0.4 CPU,,,true,,0,0,0,0,0
1544903650982,100000,10.128.0.4 CPU,,,true,,0,0,0,0,0
1544903651982,98000,10.128.0.4 CPU,,,true,,0,0,0,0,0
1544903652982,99009,10.128.0.4 CPU,,,true,,0,0,0,0,0
1544903653998,98989,10.128.0.4 CPU,,,true,,0,0,0,0,0
1544903654998,98019,10.128.0.4 CPU,,,true,,0,0,0,0,0
1544903656014,98019,10.128.0.4 CPU,,,true,,0,0,0,0,0
1544903657015,98989,10.128.0.4 CPU,,,true,,0,0,0,0,0
1544903658015,99019,10.128.0.4 CPU,,,true,,0,0,0,0,0
1544903659031,99009,10.128.0.4 CPU,,,true,,0,0,0,0,0
1544903660031,99000,10.128.0.4 CPU,,,true,,0,0,0,0,0
1544903661046,99009,10.128.0.4 CPU,,,true,,0,0,0,0,0
1544903662124,99000,10.128.0.4 CPU,,,true,,0,0,0,0,0
1544903663140,99000,10.128.0.4 CPU,,,true,,0,0,0,0,0
1544903664140,98989,10.128.0.4 CPU,,,true,,0,0,0,0,0
1544903665140,99009,10.128.0.4 CPU,,,true,,0,0,0,0,0
1544903666155,99000,10.128.0.4 CPU,,,true,,0,0,0,0,0
1544903667156,98989,10.128.0.4 CPU,,,true,,0,0,0,0,0
1544903668171,98000,10.128.0.4 CPU,,,true,,0,0,0,0,0
1544903669171,99000,10.128.0.4 CPU,,,true,,0,0,0,0,0
1544903670171,98000,10.128.0.4 CPU,,,true,,0,0,0,0,0
1544903671187,99009,10.128.0.4 CPU,,,true,,0,0,0,0,0
1544903672187,99000,10.128.0.4 CPU,,,true,,0,0,0,0,0
1544903673187,100000,10.128.0.4 CPU,,,true,,0,0,0,0,0
1544903674202,99009,10.128.0.4 CPU,,,true,,0,0,0,0,0
1544903675203,99000,10.128.0.4 CPU,,,true,,0,0,0,0,0
1544903676218,99000,10.128.0.4 CPU,,,true,,0,0,0,0,0
1544903677218,98019,10.128.0.4 CPU,,,true,,0,0,0,0,0
1544903678234,99009,10.128.0.4 CPU,,,true,,0,0,0,0,0
1544903679249,100000,10.128.0.4 CPU,,,true,,0,0,0,0,0
1544903680265,99000,10.128.0.4 CPU,,,true,,0,0,0,0,0
1544903681280,98019,10.128.0.4 CPU,,,true,,0,0,0,0,0
1544903682296,98989,10.128.0.4 CPU,,,true,,0,0,0,0,0
1544903683312,99009,10.128.0.4 CPU,,,true,,0,0,0,0,0
1544903684312,98989,10.128.0.4 CPU,,,true,,0,0,0,0,0
1544903685312,99000,10.128.0.4 CPU,,,true,,0,0,0,0,0
1544903686312,98058,10.128.0.4 CPU,,,true,,0,0,0,0,0
1544903687327,100000,10.128.0.4 CPU,,,true,,0,0,0,0,0
1544903688343,98019,10.128.0.4 CPU,,,true,,0,0,0,0,0
1544903689343,98989,10.128.0.4 CPU,,,true,,0,0,0,0,0
1544903690343,98989,10.128.0.4 CPU,,,true,,0,0,0,0,0
1544903691359,100000,10.128.0.4 CPU,,,true,,0,0,0,0,0
1544903692359,98039,10.128.0.4 CPU,,,true,,0,0,0,0,0
1544903693374,99009,10.128.0.4 CPU,,,true,,0,0,0,0,0
1544903694374,98989,10.128.0.4 CPU,,,true,,0,0,0,0,0
1544903695374,98000,10.128.0.4 CPU,,,true,,0,0,0,0,0
1544903696390,98989,10.128.0.4 CPU,,,true,,0,0,0,0,0
1544903697405,98019,10.128.0.4 CPU,,,true,,0,0,0,0,0
1544903698421,99000,10.128.0.4 CPU,,,true,,0,0,0,0,0
1544903699421,98039,10.128.0.4 CPU,,,true,,0,0,0,0,0
1544903700437,100000,10.128.0.4 CPU,,,true,,0,0,0,0,0
1544903701593,99000,10.128.0.4 CPU,,,true,,0,0,0,0,0
1544903702593,99000,10.128.0.4 CPU,,,true,,0,0,0,0,0
1544903703609,99029,10.128.0.4 CPU,,,true,,0,0,0,0,0
1544903704609,98000,10.128.0.4 CPU,,,true,,0,0,0,0,0
1544903705609,99000,10.128.0.4 CPU,,,true,,0,0,0,0,0
1544903706624,100000,10.128.0.4 CPU,,,true,,0,0,0,0,0
1544903707640,100000,10.128.0.4 CPU,,,true,,0,0,0,0,0
1544903708641,99000,10.128.0.4 CPU,,,true,,0,0,0,0,0
1544903709655,99009,10.128.0.4 CPU,,,true,,0,0,0,0,0
1544903710671,99009,10.128.0.4 CPU,,,true,,0,0,0,0,0
1544903711671,99000,10.128.0.4 CPU,,,true,,0,0,0,0,0
1544903712687,99009,10.128.0.4 CPU,,,true,,0,0,0,0,0
1544903713687,99000,10.128.0.4 CPU,,,true,,0,0,0,0,0
1544903714702,98019,10.128.0.4 CPU,,,true,,0,0,0,0,0
1544903715702,99000,10.128.0.4 CPU,,,true,,0,0,0,0,0
1544903716718,99000,10.128.0.4 CPU,,,true,,0,0,0,0,0
1544903717734,98989,10.128.0.4 CPU,,,true,,0,0,0,0,0
1544903718734,99000,10.128.0.4 CPU,,,true,,0,0,0,0,0
1544903719749,99000,10.128.0.4 CPU,,,true,,0,0,0,0,0
1544903720765,98039,10.128.0.4 CPU,,,true,,0,0,0,0,0
1544903721765,99000,10.128.0.4 CPU,,,true,,0,0,0,0,0
1544903722765,99000,10.128.0.4 CPU,,,true,,0,0,0,0,0
1544903723780,97979,10.128.0.4 CPU,,,true,,0,0,0,0,0
1544903724780,99000,10.128.0.4 CPU,,,true,,0,0,0,0,0
1544903725781,99000,10.128.0.4 CPU,,,true,,0,0,0,0,0
1544903726796,99009,10.128.0.4 CPU,,,true,,0,0,0,0,0
1544903727812,98000,10.128.0.4 CPU,,,true,,0,0,0,0,0
1544903728827,99000,10.128.0.4 CPU,,,true,,0,0,0,0,0
1544903729827,99000,10.128.0.4 CPU,,,true,,0,0,0,0,0
1544903730843,98039,10.128.0.4 CPU,,,true,,0,0,0,0,0
1544903731843,100000,10.128.0.4 CPU,,,true,,0,0,0,0,0
1544903732858,99000,10.128.0.4 CPU,,,true,,0,0,0,0,0
1544903733874,99000,10.128.0.4 CPU,,,true,,0,0,0,0,0
1544903734874,99009,10.128.0.4 CPU,,,true,,0,0,0,0,0
1544903735875,99000,10.128.0.4 CPU,,,true,,0,0,0,0,0
1544903736890,98000,10.128.0.4 CPU,,,true,,0,0,0,0,0
1544903737905,99000,10.128.0.4 CPU,,,true,,0,0,0,0,0
1544903738921,99000,10.128.0.4 CPU,,,true,,0,0,0,0,0
1544903739937,98989,10.128.0.4 CPU,,,true,,0,0,0,0,0
1544903740937,98039,10.128.0.4 CPU,,,true,,0,0,0,0,0
1544903742093,100000,10.128.0.4 CPU,,,true,,0,0,0,0,0
1544903743093,99000,10.128.0.4 CPU,,,true,,0,0,0,0,0
1544903744108,99000,10.128.0.4 CPU,,,true,,0,0,0,0,0
1544903745124,98039,10.128.0.4 CPU,,,true,,0,0,0,0,0
1544903746140,99000,10.128.0.4 CPU,,,true,,0,0,0,0,0
1544903747155,99000,10.128.0.4 CPU,,,true,,0,0,0,0,0
1544903748171,99000,10.128.0.4 CPU,,,true,,0,0,0,0,0
1544903749171,99000,10.128.0.4 CPU,,,true,,0,0,0,0,0
1544903750187,98000,10.128.0.4 CPU,,,true,,0,0,0,0,0
1544903751187,99009,10.128.0.4 CPU,,,true,,0,0,0,0,0
1544903752202,98989,10.128.0.4 CPU,,,true,,0,0,0,0,0
1544903753218,98000,10.128.0.4 CPU,,,true,,0,0,0,0,0
1544903754233,99000,10.128.0.4 CPU,,,true,,0,0,0,0,0
1544903755249,99000,10.128.0.4 CPU,,,true,,0,0,0,0,0
1544903756249,99009,10.128.0.4 CPU,,,true,,0,0,0,0,0
1544903757265,98989,10.128.0.4 CPU,,,true,,0,0,0,0,0
1544903758280,98039,10.128.0.4 CPU,,,true,,0,0,0,0,0
1544903759296,99000,10.128.0.4 CPU,,,true,,0,0,0,0,0
1544903760296,99000,10.128.0.4 CPU,,,true,,0,0,0,0,0
1544903761296,99000,10.128.0.4 CPU,,,true,,0,0,0,0,0
1544903762296,99009,10.128.0.4 CPU,,,true,,0,0,0,0,0
1544903763312,98989,10.128.0.4 CPU,,,true,,0,0,0,0,0
1544903764327,99000,10.128.0.4 CPU,,,true,,0,0,0,0,0
1544903765327,98989,10.128.0.4 CPU,,,true,,0,0,0,0,0
1544903766343,98019,10.128.0.4 CPU,,,true,,0,0,0,0,0
1544903767358,98989,10.128.0.4 CPU,,,true,,0,0,0,0,0
1544903768358,99000,10.128.0.4 CPU,,,true,,0,0,0,0,0
1544903769374,98000,10.128.0.4 CPU,,,true,,0,0,0,0,0
1544903770374,100000,10.128.0.4 CPU,,,true,,0,0,0,0,0
1544903771390,99000,10.128.0.4 CPU,,,true,,0,0,0,0,0
1544903772390,98000,10.128.0.4 CPU,,,true,,0,0,0,0,0
1544903773405,99009,10.128.0.4 CPU,,,true,,0,0,0,0,0
1544903774405,99000,10.128.0.4 CPU,,,true,,0,0,0,0,0
1544903775421,98019,10.128.0.4 CPU,,,true,,0,0,0,0,0
1544903776437,100000,10.128.0.4 CPU,,,true,,0,0,0,0,0
1544903777452,100000,10.128.0.4 CPU,,,true,,0,0,0,0,0
1544903778468,99009,10.128.0.4 CPU,,,true,,0,0,0,0,0
1544903779468,98019,10.128.0.4 CPU,,,true,,0,0,0,0,0
1544903780483,99000,10.128.0.4 CPU,,,true,,0,0,0,0,0
1544903781499,99000,10.128.0.4 CPU,,,true,,0,0,0,0,0
1544903782499,99000,10.128.0.4 CPU,,,true,,0,0,0,0,0
1544903783515,99000,10.128.0.4 CPU,,,true,,0,0,0,0,0
1544903784530,98989,10.128.0.4 CPU,,,true,,0,0,0,0,0
1544903785546,99009,10.128.0.4 CPU,,,true,,0,0,0,0,0
1544903786562,98979,10.128.0.4 CPU,,,true,,0,0,0,0,0
1544903787562,99009,10.128.0.4 CPU,,,true,,0,0,0,0,0
1544903788562,98000,10.128.0.4 CPU,,,true,,0,0,0,0,0
1544903789577,99009,10.128.0.4 CPU,,,true,,0,0,0,0,0
1544903790593,97979,10.128.0.4 CPU,,,true,,0,0,0,0,0
1544903791593,99009,10.128.0.4 CPU,,,true,,0,0,0,0,0
1544903792608,98989,10.128.0.4 CPU,,,true,,0,0,0,0,0
1544903793608,98019,10.128.0.4 CPU,,,true,,0,0,0,0,0
1544903794624,98989,10.128.0.4 CPU,,,true,,0,0,0,0,0
1544903795624,98019,10.128.0.4 CPU,,,true,,0,0,0,0,0
1544903796624,98989,10.128.0.4 CPU,,,true,,0,0,0,0,0
1544903797640,100000,10.128.0.4 CPU,,,true,,0,0,0,0,0
1544903798640,99000,10.128.0.4 CPU,,,true,,0,0,0,0,0
1544903799655,99009,10.128.0.4 CPU,,,true,,0,0,0,0,0
1544903800655,99000,10.128.0.4 CPU,,,true,,0,0,0,0,0
1544903801655,99000,10.128.0.4 CPU,,,true,,0,0,0,0,0
1544903802671,98000,10.128.0.4 CPU,,,true,,0,0,0,0,0
1544903803686,99009,10.128.0.4 CPU,,,true,,0,0,0,0,0
1544903804702,99009,10.128.0.4 CPU,,,true,,0,0,0,0,0
1544903805718,99000,10.128.0.4 CPU,,,true,,0,0,0,0,0
1544903806733,99009,10.128.0.4 CPU,,,true,,0,0,0,0,0
1544903807749,98989,10.128.0.4 CPU,,,true,,0,0,0,0,0
1544903808765,99000,10.128.0.4 CPU,,,true,,0,0,0,0,0
1544903809765,99000,10.128.0.4 CPU,,,true,,0,0,0,0,0
1544903810765,99000,10.128.0.4 CPU,,,true,,0,0,0,0,0
1544903811780,99009,10.128.0.4 CPU,,,true,,0,0,0,0,0
1544903812796,99009,10.128.0.4 CPU,,,true,,0,0,0,0,0
1544903813796,99009,10.128.0.4 CPU,,,true,,0,0,0,0,0
1544903814811,99000,10.128.0.4 CPU,,,true,,0,0,0,0,0
1544903815811,100000,10.128.0.4 CPU,,,true,,0,0,0,0,0
1544903816811,98019,10.128.0.4 CPU,,,true,,0,0,0,0,0
1544903817827,99000,10.128.0.4 CPU,,,true,,0,0,0,0,0
1544903818827,98989,10.128.0.4 CPU,,,true,,0,0,0,0,0
1544903819843,100000,10.128.0.4 CPU,,,true,,0,0,0,0,0
1544903820858,99000,10.128.0.4 CPU,,,true,,0,0,0,0,0
1544903821858,99009,10.128.0.4 CPU,,,true,,0,0,0,0,0
1544903822858,98000,10.128.0.4 CPU,,,true,,0,0,0,0,0
1544903823874,99000,10.128.0.4 CPU,,,true,,0,0,0,0,0
1544903824890,100000,10.128.0.4 CPU,,,true,,0,0,0,0,0
1544903825905,99000,10.128.0.4 CPU,,,true,,0,0,0,0,0
1544903826905,98019,10.128.0.4 CPU,,,true,,0,0,0,0,0
1544903827921,97979,10.128.0.4 CPU,,,true,,0,0,0,0,0
1544903828921,99009,10.128.0.4 CPU,,,true,,0,0,0,0,0
1544903829936,99019,10.128.0.4 CPU,,,true,,0,0,0,0,0
1544903830952,99000,10.128.0.4 CPU,,,true,,0,0,0,0,0
1544903831952,99000,10.128.0.4 CPU,,,true,,0,0,0,0,0
1544903832968,99009,10.128.0.4 CPU,,,true,,0,0,0,0,0
1544903833983,98989,10.128.0.4 CPU,,,true,,0,0,0,0,0
1544903834984,99009,10.128.0.4 CPU,,,true,,0,0,0,0,0
1544903835999,99000,10.128.0.4 CPU,,,true,,0,0,0,0,0
1544903837015,98039,10.128.0.4 CPU,,,true,,0,0,0,0,0
1544903838030,100000,10.128.0.4 CPU,,,true,,0,0,0,0,0
1544903839030,98019,10.128.0.4 CPU,,,true,,0,0,0,0,0
1544903840046,99000,10.128.0.4 CPU,,,true,,0,0,0,0,0
1544903841061,99000,10.128.0.4 CPU,,,true,,0,0,0,0,0
1544903842077,99000,10.128.0.4 CPU,,,true,,0,0,0,0,0
1544903843077,99000,10.128.0.4 CPU,,,true,,0,0,0,0,0
1544903844093,99009,10.128.0.4 CPU,,,true,,0,0,0,0,0
1544903845108,98000,10.128.0.4 CPU,,,true,,0,0,0,0,0
1544903846124,99009,10.128.0.4 CPU,,,true,,0,0,0,0,0
1544903847140,98989,10.128.0.4 CPU,,,true,,0,0,0,0,0
1544903848140,98989,10.128.0.4 CPU,,,true,,0,0,0,0,0
1544903849140,99000,10.128.0.4 CPU,,,true,,0,0,0,0,0
1544903850155,99009,10.128.0.4 CPU,,,true,,0,0,0,0,0
1544903851171,99000,10.128.0.4 CPU,,,true,,0,0,0,0,0
1544903852171,99000,10.128.0.4 CPU,,,true,,0,0,0,0,0
1544903853186,99009,10.128.0.4 CPU,,,true,,0,0,0,0,0
1544903854186,98019,10.128.0.4 CPU,,,true,,0,0,0,0,0
1544903855186,99009,10.128.0.4 CPU,,,true,,0,0,0,0,0
1544903856202,98989,10.128.0.4 CPU,,,true,,0,0,0,0,0
1544903857202,99009,10.128.0.4 CPU,,,true,,0,0,0,0,0
1544903858202,100000,10.128.0.4 CPU,,,true,,0,0,0,0,0
1544903859218,98019,10.128.0.4 CPU,,,true,,0,0,0,0,0
1544903860218,99000,10.128.0.4 CPU,,,true,,0,0,0,0,0
1544903861218,99000,10.128.0.4 CPU,,,true,,0,0,0,0,0
1544903862233,98039,10.128.0.4 CPU,,,true,,0,0,0,0,0
1544903863405,99000,10.128.0.4 CPU,,,true,,0,0,0,0,0
1544903864405,99009,10.128.0.4 CPU,,,true,,0,0,0,0,0
1544903865405,98989,10.128.0.4 CPU,,,true,,0,0,0,0,0
1544903866421,99000,10.128.0.4 CPU,,,true,,0,0,0,0,0
1544903867436,99009,10.128.0.4 CPU,,,true,,0,0,0,0,0
1544903868436,98989,10.128.0.4 CPU,,,true,,0,0,0,0,0
1544903869514,98019,10.128.0.4 CPU,,,true,,0,0,0,0,0
1544903870514,99000,10.128.0.4 CPU,,,true,,0,0,0,0,0
1544903871530,98000,10.128.0.4 CPU,,,true,,0,0,0,0,0
1544903872546,99000,10.128.0.4 CPU,,,true,,0,0,0,0,0
1544903873561,99000,10.128.0.4 CPU,,,true,,0,0,0,0,0
1544903874561,98989,10.128.0.4 CPU,,,true,,0,0,0,0,0
1544903875577,99009,10.128.0.4 CPU,,,true,,0,0,0,0,0
1544903876593,98000,10.128.0.4 CPU,,,true,,0,0,0,0,0
1544903877608,99000,10.128.0.4 CPU,,,true,,0,0,0,0,0
1544903878608,99009,10.128.0.4 CPU,,,true,,0,0,0,0,0
1544903879624,99009,10.128.0.4 CPU,,,true,,0,0,0,0,0
1544903880624,99009,10.128.0.4 CPU,,,true,,0,0,0,0,0
1544903881639,98989,10.128.0.4 CPU,,,true,,0,0,0,0,0
1544903882655,98989,10.128.0.4 CPU,,,true,,0,0,0,0,0
1544903883671,99009,10.128.0.4 CPU,,,true,,0,0,0,0,0
1544903884671,98019,10.128.0.4 CPU,,,true,,0,0,0,0,0
1544903885687,99000,10.128.0.4 CPU,,,true,,0,0,0,0,0
1544903886702,100000,10.128.0.4 CPU,,,true,,0,0,0,0,0
1544903887718,99000,10.128.0.4 CPU,,,true,,0,0,0,0,0
1544903888718,98000,10.128.0.4 CPU,,,true,,0,0,0,0,0
1544903889733,99009,10.128.0.4 CPU,,,true,,0,0,0,0,0
1544903890749,99009,10.128.0.4 CPU,,,true,,0,0,0,0,0
1544903891764,98989,10.128.0.4 CPU,,,true,,0,0,0,0,0
1544903892780,99000,10.128.0.4 CPU,,,true,,0,0,0,0,0
1544903893780,99009,10.128.0.4 CPU,,,true,,0,0,0,0,0
1544903894796,100000,10.128.0.4 CPU,,,true,,0,0,0,0,0
1544903895796,99019,10.128.0.4 CPU,,,true,,0,0,0,0,0
1544903896796,98000,10.128.0.4 CPU,,,true,,0,0,0,0,0
1544903897812,99009,10.128.0.4 CPU,,,true,,0,0,0,0,0
1544903898827,99009,10.128.0.4 CPU,,,true,,0,0,0,0,0
1544903899827,99009,10.128.0.4 CPU,,,true,,0,0,0,0,0
1544903900827,99000,10.128.0.4 CPU,,,true,,0,0,0,0,0
1544903901843,98989,10.128.0.4 CPU,,,true,,0,0,0,0,0
1544903902843,98019,10.128.0.4 CPU,,,true,,0,0,0,0,0
1544903903843,98000,10.128.0.4 CPU,,,true,,0,0,0,0,0
1544903904858,100000,10.128.0.4 CPU,,,true,,0,0,0,0,0
1544903905874,98000,10.128.0.4 CPU,,,true,,0,0,0,0,0
1544903906874,99009,10.128.0.4 CPU,,,true,,0,0,0,0,0
1544903907874,99009,10.128.0.4 CPU,,,true,,0,0,0,0,0
1544903908874,97979,10.128.0.4 CPU,,,true,,0,0,0,0,0
1544903909889,100000,10.128.0.4 CPU,,,true,,0,0,0,0,0
1544903910905,99000,10.128.0.4 CPU,,,true,,0,0,0,0,0
1544903911921,99000,10.128.0.4 CPU,,,true,,0,0,0,0,0
1544903912921,99000,10.128.0.4 CPU,,,true,,0,0,0,0,0
1544903913921,98000,10.128.0.4 CPU,,,true,,0,0,0,0,0
1544903914936,98019,10.128.0.4 CPU,,,true,,0,0,0,0,0
1544903915952,99000,10.128.0.4 CPU,,,true,,0,0,0,0,0
1544903916968,99000,10.128.0.4 CPU,,,true,,0,0,0,0,0
1544903917968,99000,10.128.0.4 CPU,,,true,,0,0,0,0,0
1544903918983,98019,10.128.0.4 CPU,,,true,,0,0,0,0,0
1544903919999,99009,10.128.0.4 CPU,,,true,,0,0,0,0,0
1544903921014,99000,10.128.0.4 CPU,,,true,,0,0,0,0,0
1544903922030,100000,10.128.0.4 CPU,,,true,,0,0,0,0,0
1544903923046,98000,10.128.0.4 CPU,,,true,,0,0,0,0,0
1544903924046,99000,10.128.0.4 CPU,,,true,,0,0,0,0,0
1544903925061,99000,10.128.0.4 CPU,,,true,,0,0,0,0,0
1544903926077,99000,10.128.0.4 CPU,,,true,,0,0,0,0,0
1544903927093,98019,10.128.0.4 CPU,,,true,,0,0,0,0,0
1544903928108,98000,10.128.0.4 CPU,,,true,,0,0,0,0,0
1544903929124,99009,10.128.0.4 CPU,,,true,,0,0,0,0,0
1544903930139,98989,10.128.0.4 CPU,,,true,,0,0,0,0,0
1544903931139,99000,10.128.0.4 CPU,,,true,,0,0,0,0,0
1544903932139,98000,10.128.0.4 CPU,,,true,,0,0,0,0,0
1544903933155,99000,10.128.0.4 CPU,,,true,,0,0,0,0,0
1544903934155,99000,10.128.0.4 CPU,,,true,,0,0,0,0,0
1544903935171,98989,10.128.0.4 CPU,,,true,,0,0,0,0,0
1544903936187,99009,10.128.0.4 CPU,,,true,,0,0,0,0,0
1544903937203,98019,10.128.0.4 CPU,,,true,,0,0,0,0,0
1544903938218,98989,10.128.0.4 CPU,,,true,,0,0,0,0,0
1544903939218,98000,10.128.0.4 CPU,,,true,,0,0,0,0,0
1544903940233,98989,10.128.0.4 CPU,,,true,,0,0,0,0,0
1544903941233,99009,10.128.0.4 CPU,,,true,,0,0,0,0,0
1544903942249,99009,10.128.0.4 CPU,,,true,,0,0,0,0,0
1544903943264,99000,10.128.0.4 CPU,,,true,,0,0,0,0,0
1544903944280,100000,10.128.0.4 CPU,,,true,,0,0,0,0,0
1544903945280,99000,10.128.0.4 CPU,,,true,,0,0,0,0,0
1544903946296,99000,10.128.0.4 CPU,,,true,,0,0,0,0,0
1544903947311,100000,10.128.0.4 CPU,,,true,,0,0,0,0,0
1544903948327,98019,10.128.0.4 CPU,,,true,,0,0,0,0,0
1544903949343,98989,10.128.0.4 CPU,,,true,,0,0,0,0,0
1544903950343,98019,10.128.0.4 CPU,,,true,,0,0,0,0,0
1544903951358,98000,10.128.0.4 CPU,,,true,,0,0,0,0,0
1544903952358,98989,10.128.0.4 CPU,,,true,,0,0,0,0,0
1544903953374,98019,10.128.0.4 CPU,,,true,,0,0,0,0,0
1544903954390,98019,10.128.0.4 CPU,,,true,,0,0,0,0,0
1544903955405,99000,10.128.0.4 CPU,,,true,,0,0,0,0,0
1544903956405,99000,10.128.0.4 CPU,,,true,,0,0,0,0,0
1544903957421,99000,10.128.0.4 CPU,,,true,,0,0,0,0,0
1544903958436,99009,10.128.0.4 CPU,,,true,,0,0,0,0,0
1544903959452,100000,10.128.0.4 CPU,,,true,,0,0,0,0,0
1544903960467,98019,10.128.0.4 CPU,,,true,,0,0,0,0,0
1544903961467,99009,10.128.0.4 CPU,,,true,,0,0,0,0,0
1544903962468,99000,10.128.0.4 CPU,,,true,,0,0,0,0,0
1544903963483,99000,10.128.0.4 CPU,,,true,,0,0,0,0,0
1544903964483,99000,10.128.0.4 CPU,,,true,,0,0,0,0,0
1544903965499,99000,10.128.0.4 CPU,,,true,,0,0,0,0,0
1544903966514,99009,10.128.0.4 CPU,,,true,,0,0,0,0,0
1544903967514,100000,10.128.0.4 CPU,,,true,,0,0,0,0,0
1544903968514,99000,10.128.0.4 CPU,,,true,,0,0,0,0,0
1544903969530,99009,10.128.0.4 CPU,,,true,,0,0,0,0,0
1544903970530,98000,10.128.0.4 CPU,,,true,,0,0,0,0,0
1544903971530,99009,10.128.0.4 CPU,,,true,,0,0,0,0,0
1544903972546,99000,10.128.0.4 CPU,,,true,,0,0,0,0,0
1544903973561,98989,10.128.0.4 CPU,,,true,,0,0,0,0,0
1544903974577,99000,10.128.0.4 CPU,,,true,,0,0,0,0,0
1544903975592,99000,10.128.0.4 CPU,,,true,,0,0,0,0,0
1544903976608,97000,10.128.0.4 CPU,,,true,,0,0,0,0,0
1544903977608,99000,10.128.0.4 CPU,,,true,,0,0,0,0,0
1544903978608,100000,10.128.0.4 CPU,,,true,,0,0,0,0,0
1544903979624,99000,10.128.0.4 CPU,,,true,,0,0,0,0,0
1544903980639,99009,10.128.0.4 CPU,,,true,,0,0,0,0,0
1544903981639,99000,10.128.0.4 CPU,,,true,,0,0,0,0,0
1544903982655,99000,10.128.0.4 CPU,,,true,,0,0,0,0,0
1544903983655,99000,10.128.0.4 CPU,,,true,,0,0,0,0,0
1544903984671,99000,10.128.0.4 CPU,,,true,,0,0,0,0,0
1544903985671,99019,10.128.0.4 CPU,,,true,,0,0,0,0,0
1544903986686,100000,10.128.0.4 CPU,,,true,,0,0,0,0,0
1544903987686,99000,10.128.0.4 CPU,,,true,,0,0,0,0,0
1544903988702,99009,10.128.0.4 CPU,,,true,,0,0,0,0,0
1544903989717,98989,10.128.0.4 CPU,,,true,,0,0,0,0,0
1544903990733,99009,10.128.0.4 CPU,,,true,,0,0,0,0,0
1544903991749,98000,10.128.0.4 CPU,,,true,,0,0,0,0,0
1544903992749,99000,10.128.0.4 CPU,,,true,,0,0,0,0,0
1544903993764,98000,10.128.0.4 CPU,,,true,,0,0,0,0,0
1544903994780,99000,10.128.0.4 CPU,,,true,,0,0,0,0,0
1544903995780,98989,10.128.0.4 CPU,,,true,,0,0,0,0,0
1544903996796,99009,10.128.0.4 CPU,,,true,,0,0,0,0,0
1544903997796,98989,10.128.0.4 CPU,,,true,,0,0,0,0,0
1544903998811,98019,10.128.0.4 CPU,,,true,,0,0,0,0,0
1544903999827,100000,10.128.0.4 CPU,,,true,,0,0,0,0,0
1544904000842,98000,10.128.0.4 CPU,,,true,,0,0,0,0,0
1544904001842,99000,10.128.0.4 CPU,,,true,,0,0,0,0,0
1544904002842,98019,10.128.0.4 CPU,,,true,,0,0,0,0,0
1544904003858,98989,10.128.0.4 CPU,,,true,,0,0,0,0,0
1544904004874,99000,10.128.0.4 CPU,,,true,,0,0,0,0,0
1544904005889,99009,10.128.0.4 CPU,,,true,,0,0,0,0,0
1544904006889,99000,10.128.0.4 CPU,,,true,,0,0,0,0,0
1544904007889,99009,10.128.0.4 CPU,,,true,,0,0,0,0,0
1544904008905,99000,10.128.0.4 CPU,,,true,,0,0,0,0,0
1544904009905,99000,10.128.0.4 CPU,,,true,,0,0,0,0,0
1544904010921,99000,10.128.0.4 CPU,,,true,,0,0,0,0,0
1544904011936,99000,10.128.0.4 CPU,,,true,,0,0,0,0,0
1544904012952,99000,10.128.0.4 CPU,,,true,,0,0,0,0,0
1544904013967,99000,10.128.0.4 CPU,,,true,,0,0,0,0,0
1544904014983,98039,10.128.0.4 CPU,,,true,,0,0,0,0,0
1544904015999,99000,10.128.0.4 CPU,,,true,,0,0,0,0,0
1544904016999,98989,10.128.0.4 CPU,,,true,,0,0,0,0,0
1544904017999,99009,10.128.0.4 CPU,,,true,,0,0,0,0,0
1544904019014,98989,10.128.0.4 CPU,,,true,,0,0,0,0,0
1544904020030,99000,10.128.0.4 CPU,,,true,,0,0,0,0,0
1544904021045,99000,10.128.0.4 CPU,,,true,,0,0,0,0,0
1544904022045,99009,10.128.0.4 CPU,,,true,,0,0,0,0,0
1544904023061,99000,10.128.0.4 CPU,,,true,,0,0,0,0,0
1544904024061,98000,10.128.0.4 CPU,,,true,,0,0,0,0,0
1544904025077,100000,10.128.0.4 CPU,,,true,,0,0,0,0,0
1544904026092,99000,10.128.0.4 CPU,,,true,,0,0,0,0,0
1544904027093,98000,10.128.0.4 CPU,,,true,,0,0,0,0,0
1544904028108,99000,10.128.0.4 CPU,,,true,,0,0,0,0,0
1544904029202,99000,10.128.0.4 CPU,,,true,,0,0,0,0,0
1544904030202,99009,10.128.0.4 CPU,,,true,,0,0,0,0,0
1544904031202,99000,10.128.0.4 CPU,,,true,,0,0,0,0,0
1544904032217,98000,10.128.0.4 CPU,,,true,,0,0,0,0,0
1544904033217,99000,10.128.0.4 CPU,,,true,,0,0,0,0,0
1544904034233,99000,10.128.0.4 CPU,,,true,,0,0,0,0,0
1544904035233,98019,10.128.0.4 CPU,,,true,,0,0,0,0,0
1544904036249,99000,10.128.0.4 CPU,,,true,,0,0,0,0,0
1544904037264,99009,10.128.0.4 CPU,,,true,,0,0,0,0,0
1544904038280,98989,10.128.0.4 CPU,,,true,,0,0,0,0,0
1544904039295,99009,10.128.0.4 CPU,,,true,,0,0,0,0,0
1544904040295,98989,10.128.0.4 CPU,,,true,,0,0,0,0,0
1544904041295,98019,10.128.0.4 CPU,,,true,,0,0,0,0,0
1544904042342,99000,10.128.0.4 CPU,,,true,,0,0,0,0,0
1544904043358,99000,10.128.0.4 CPU,,,true,,0,0,0,0,0
1544904044374,99009,10.128.0.4 CPU,,,true,,0,0,0,0,0
1544904045389,99000,10.128.0.4 CPU,,,true,,0,0,0,0,0
1544904046389,100000,10.128.0.4 CPU,,,true,,0,0,0,0,0
1544904047389,99000,10.128.0.4 CPU,,,true,,0,0,0,0,0
1544904048389,98989,10.128.0.4 CPU,,,true,,0,0,0,0,0
1544904049405,98019,10.128.0.4 CPU,,,true,,0,0,0,0,0
1544904050405,99000,10.128.0.4 CPU,,,true,,0,0,0,0,0
1544904051405,98000,10.128.0.4 CPU,,,true,,0,0,0,0,0
1544904052420,98989,10.128.0.4 CPU,,,true,,0,0,0,0,0
1544904053420,99009,10.128.0.4 CPU,,,true,,0,0,0,0,0
1544904054420,99000,10.128.0.4 CPU,,,true,,0,0,0,0,0
1544904055436,98019,10.128.0.4 CPU,,,true,,0,0,0,0,0
1544904056436,99000,10.128.0.4 CPU,,,true,,0,0,0,0,0
1544904057452,100000,10.128.0.4 CPU,,,true,,0,0,0,0,0
1544904058467,98000,10.128.0.4 CPU,,,true,,0,0,0,0,0
1544904059483,99000,10.128.0.4 CPU,,,true,,0,0,0,0,0
1544904060499,99000,10.128.0.4 CPU,,,true,,0,0,0,0,0
1544904061499,99000,10.128.0.4 CPU,,,true,,0,0,0,0,0
1544904062499,98019,10.128.0.4 CPU,,,true,,0,0,0,0,0
1544904063514,98989,10.128.0.4 CPU,,,true,,0,0,0,0,0
1544904064530,99000,10.128.0.4 CPU,,,true,,0,0,0,0,0
1544904065545,99000,10.128.0.4 CPU,,,true,,0,0,0,0,0
1544904066749,99009,10.128.0.4 CPU,,,true,,0,0,0,0,0
1544904067764,98000,10.128.0.4 CPU,,,true,,0,0,0,0,0
1544904068765,99000,10.128.0.4 CPU,,,true,,0,0,0,0,0
1544904069780,98000,10.128.0.4 CPU,,,true,,0,0,0,0,0
1544904070796,99009,10.128.0.4 CPU,,,true,,0,0,0,0,0
1544904071811,99000,10.128.0.4 CPU,,,true,,0,0,0,0,0
1544904072811,98989,10.128.0.4 CPU,,,true,,0,0,0,0,0
1544904073811,99019,10.128.0.4 CPU,,,true,,0,0,0,0,0
1544904074827,99000,10.128.0.4 CPU,,,true,,0,0,0,0,0
1544904075842,98019,10.128.0.4 CPU,,,true,,0,0,0,0,0
1544904076842,98989,10.128.0.4 CPU,,,true,,0,0,0,0,0
1544904077842,98019,10.128.0.4 CPU,,,true,,0,0,0,0,0
1544904078858,99000,10.128.0.4 CPU,,,true,,0,0,0,0,0
1544904079873,98989,10.128.0.4 CPU,,,true,,0,0,0,0,0
1544904080874,99019,10.128.0.4 CPU,,,true,,0,0,0,0,0
1544904081889,98000,10.128.0.4 CPU,,,true,,0,0,0,0,0
1544904082905,99000,10.128.0.4 CPU,,,true,,0,0,0,0,0
1544904083905,98989,10.128.0.4 CPU,,,true,,0,0,0,0,0
1544904084920,98000,10.128.0.4 CPU,,,true,,0,0,0,0,0
1544904085920,98989,10.128.0.4 CPU,,,true,,0,0,0,0,0
1544904086920,99000,10.128.0.4 CPU,,,true,,0,0,0,0,0
1544904087936,99000,10.128.0.4 CPU,,,true,,0,0,0,0,0
1544904088952,99000,10.128.0.4 CPU,,,true,,0,0,0,0,0
1544904089952,99009,10.128.0.4 CPU,,,true,,0,0,0,0,0
1544904090952,97979,10.128.0.4 CPU,,,true,,0,0,0,0,0
1544904091967,99000,10.128.0.4 CPU,,,true,,0,0,0,0,0
1544904092967,99009,10.128.0.4 CPU,,,true,,0,0,0,0,0
1544904093983,99000,10.128.0.4 CPU,,,true,,0,0,0,0,0
1544904094983,98019,10.128.0.4 CPU,,,true,,0,0,0,0,0
1544904095983,100000,10.128.0.4 CPU,,,true,,0,0,0,0,0
1544904096983,98000,10.128.0.4 CPU,,,true,,0,0,0,0,0
1544904097998,99000,10.128.0.4 CPU,,,true,,0,0,0,0,0
1544904099014,99000,10.128.0.4 CPU,,,true,,0,0,0,0,0
1544904100014,98019,10.128.0.4 CPU,,,true,,0,0,0,0,0
1544904101031,99000,10.128.0.4 CPU,,,true,,0,0,0,0,0
1544904102047,99000,10.128.0.4 CPU,,,true,,0,0,0,0,0
1544904103062,99000,10.128.0.4 CPU,,,true,,0,0,0,0,0
1544904104062,99000,10.128.0.4 CPU,,,true,,0,0,0,0,0
1544904105078,99009,10.128.0.4 CPU,,,true,,0,0,0,0,0
1544904106094,98000,10.128.0.4 CPU,,,true,,0,0,0,0,0
1544904107094,99000,10.128.0.4 CPU,,,true,,0,0,0,0,0
1544904108109,99000,10.128.0.4 CPU,,,true,,0,0,0,0,0
1544904109109,99019,10.128.0.4 CPU,,,true,,0,0,0,0,0
1544904110125,98989,10.128.0.4 CPU,,,true,,0,0,0,0,0
1544904111125,99009,10.128.0.4 CPU,,,true,,0,0,0,0,0
1544904112140,99000,10.128.0.4 CPU,,,true,,0,0,0,0,0
1544904113156,99000,10.128.0.4 CPU,,,true,,0,0,0,0,0
1544904114172,100000,10.128.0.4 CPU,,,true,,0,0,0,0,0
1544904115172,99009,10.128.0.4 CPU,,,true,,0,0,0,0,0
1544904116187,97979,10.128.0.4 CPU,,,true,,0,0,0,0,0
1544904117203,99009,10.128.0.4 CPU,,,true,,0,0,0,0,0
1544904118219,98019,10.128.0.4 CPU,,,true,,0,0,0,0,0
1544904119219,98989,10.128.0.4 CPU,,,true,,0,0,0,0,0
1544904120234,99009,10.128.0.4 CPU,,,true,,0,0,0,0,0
1544904121250,99000,10.128.0.4 CPU,,,true,,0,0,0,0,0
1544904122250,99009,10.128.0.4 CPU,,,true,,0,0,0,0,0
1544904123265,98979,10.128.0.4 CPU,,,true,,0,0,0,0,0
1544904124281,98019,10.128.0.4 CPU,,,true,,0,0,0,0,0
1544904125281,99000,10.128.0.4 CPU,,,true,,0,0,0,0,0
1544904126297,99000,10.128.0.4 CPU,,,true,,0,0,0,0,0
1544904127312,98989,10.128.0.4 CPU,,,true,,0,0,0,0,0
1544904128328,99019,10.128.0.4 CPU,,,true,,0,0,0,0,0
1544904129328,99000,10.128.0.4 CPU,,,true,,0,0,0,0,0
1544904130344,99000,10.128.0.4 CPU,,,true,,0,0,0,0,0
1544904131359,98000,10.128.0.4 CPU,,,true,,0,0,0,0,0
1544904132375,98989,10.128.0.4 CPU,,,true,,0,0,0,0,0
1544904133453,99019,10.128.0.4 CPU,,,true,,0,0,0,0,0
1544904134453,98989,10.128.0.4 CPU,,,true,,0,0,0,0,0
1544904135453,98019,10.128.0.4 CPU,,,true,,0,0,0,0,0
1544904136453,99000,10.128.0.4 CPU,,,true,,0,0,0,0,0
1544904137469,99000,10.128.0.4 CPU,,,true,,0,0,0,0,0
1544904138484,98019,10.128.0.4 CPU,,,true,,0,0,0,0,0
1544904139500,99000,10.128.0.4 CPU,,,true,,0,0,0,0,0
1544904140516,99000,10.128.0.4 CPU,,,true,,0,0,0,0,0
1544904141531,99009,10.128.0.4 CPU,,,true,,0,0,0,0,0
1544904142531,100000,10.128.0.4 CPU,,,true,,0,0,0,0,0
1544904143547,99019,10.128.0.4 CPU,,,true,,0,0,0,0,0
1544904144547,98000,10.128.0.4 CPU,,,true,,0,0,0,0,0
1544904145562,99009,10.128.0.4 CPU,,,true,,0,0,0,0,0
1544904146562,99000,10.128.0.4 CPU,,,true,,0,0,0,0,0
1544904147594,99009,10.128.0.4 CPU,,,true,,0,0,0,0,0
1544904148609,98000,10.128.0.4 CPU,,,true,,0,0,0,0,0
1544904149609,100000,10.128.0.4 CPU,,,true,,0,0,0,0,0
1544904150625,99000,10.128.0.4 CPU,,,true,,0,0,0,0,0
1544904151641,98019,10.128.0.4 CPU,,,true,,0,0,0,0,0
1544904152656,99000,10.128.0.4 CPU,,,true,,0,0,0,0,0
1544904153656,100000,10.128.0.4 CPU,,,true,,0,0,0,0,0
1544904154672,99000,10.128.0.4 CPU,,,true,,0,0,0,0,0
1544904155687,98989,10.128.0.4 CPU,,,true,,0,0,0,0,0
1544904156687,99000,10.128.0.4 CPU,,,true,,0,0,0,0,0
1544904157703,98019,10.128.0.4 CPU,,,true,,0,0,0,0,0
1544904158719,99000,10.128.0.4 CPU,,,true,,0,0,0,0,0
1544904159734,99009,10.128.0.4 CPU,,,true,,0,0,0,0,0
1544904160734,99019,10.128.0.4 CPU,,,true,,0,0,0,0,0
1544904161750,99009,10.128.0.4 CPU,,,true,,0,0,0,0,0
1544904162765,98989,10.128.0.4 CPU,,,true,,0,0,0,0,0
1544904163781,98019,10.128.0.4 CPU,,,true,,0,0,0,0,0
1544904164797,99009,10.128.0.4 CPU,,,true,,0,0,0,0,0
1544904165797,99000,10.128.0.4 CPU,,,true,,0,0,0,0,0
1544904166797,98019,10.128.0.4 CPU,,,true,,0,0,0,0,0
1544904167812,100000,10.128.0.4 CPU,,,true,,0,0,0,0,0
1544904168812,99000,10.128.0.4 CPU,,,true,,0,0,0,0,0
1544904169828,98989,10.128.0.4 CPU,,,true,,0,0,0,0,0
1544904170844,98039,10.128.0.4 CPU,,,true,,0,0,0,0,0
1544904171859,99000,10.128.0.4 CPU,,,true,,0,0,0,0,0
1544904172875,98989,10.128.0.4 CPU,,,true,,0,0,0,0,0
1544904173875,100000,10.128.0.4 CPU,,,true,,0,0,0,0,0
1544904174890,99009,10.128.0.4 CPU,,,true,,0,0,0,0,0
1544904175906,99000,10.128.0.4 CPU,,,true,,0,0,0,0,0
1544904176922,98000,10.128.0.4 CPU,,,true,,0,0,0,0,0
1544904177922,99000,10.128.0.4 CPU,,,true,,0,0,0,0,0
1544904178922,98000,10.128.0.4 CPU,,,true,,0,0,0,0,0
1544904179937,98019,10.128.0.4 CPU,,,true,,0,0,0,0,0
1544904180953,98989,10.128.0.4 CPU,,,true,,0,0,0,0,0
1544904181969,98019,10.128.0.4 CPU,,,true,,0,0,0,0,0
1544904182984,98989,10.128.0.4 CPU,,,true,,0,0,0,0,0
1544904184000,99000,10.128.0.4 CPU,,,true,,0,0,0,0,0
1544904185000,99000,10.128.0.4 CPU,,,true,,0,0,0,0,0
1544904186015,99000,10.128.0.4 CPU,,,true,,0,0,0,0,0
1544904187031,99000,10.128.0.4 CPU,,,true,,0,0,0,0,0
1544904188047,99009,10.128.0.4 CPU,,,true,,0,0,0,0,0
1544904189047,99000,10.128.0.4 CPU,,,true,,0,0,0,0,0
1544904190047,99000,10.128.0.4 CPU,,,true,,0,0,0,0,0
1544904191062,98019,10.128.0.4 CPU,,,true,,0,0,0,0,0
1544904192078,99009,10.128.0.4 CPU,,,true,,0,0,0,0,0
1544904193078,99000,10.128.0.4 CPU,,,true,,0,0,0,0,0
1544904194078,99000,10.128.0.4 CPU,,,true,,0,0,0,0,0
1544904195093,99009,10.128.0.4 CPU,,,true,,0,0,0,0,0
1544904196109,98000,10.128.0.4 CPU,,,true,,0,0,0,0,0
1544904197125,99000,10.128.0.4 CPU,,,true,,0,0,0,0,0
1544904198140,99019,10.128.0.4 CPU,,,true,,0,0,0,0,0
1544904199140,98989,10.128.0.4 CPU,,,true,,0,0,0,0,0
1544904200156,99009,10.128.0.4 CPU,,,true,,0,0,0,0,0
1544904201171,99000,10.128.0.4 CPU,,,true,,0,0,0,0,0
1544904202172,98000,10.128.0.4 CPU,,,true,,0,0,0,0,0
1544904203172,99000,10.128.0.4 CPU,,,true,,0,0,0,0,0
1544904204172,98019,10.128.0.4 CPU,,,true,,0,0,0,0,0
1544904205187,100000,10.128.0.4 CPU,,,true,,0,0,0,0,0
1544904206187,98000,10.128.0.4 CPU,,,true,,0,0,0,0,0
1544904207203,99000,10.128.0.4 CPU,,,true,,0,0,0,0,0
1544904208218,99000,10.128.0.4 CPU,,,true,,0,0,0,0,0
1544904209218,100000,10.128.0.4 CPU,,,true,,0,0,0,0,0
1544904210218,98039,10.128.0.4 CPU,,,true,,0,0,0,0,0
1544904211219,100000,10.128.0.4 CPU,,,true,,0,0,0,0,0
1544904212234,99009,10.128.0.4 CPU,,,true,,0,0,0,0,0
1544904213234,98989,10.128.0.4 CPU,,,true,,0,0,0,0,0
1544904214250,98039,10.128.0.4 CPU,,,true,,0,0,0,0,0
1544904215250,99000,10.128.0.4 CPU,,,true,,0,0,0,0,0
1544904216265,100000,10.128.0.4 CPU,,,true,,0,0,0,0,0
1544904217281,99009,10.128.0.4 CPU,,,true,,0,0,0,0,0
1544904218297,98039,10.128.0.4 CPU,,,true,,0,0,0,0,0
1544904219312,99000,10.128.0.4 CPU,,,true,,0,0,0,0,0
1544904220312,99000,10.128.0.4 CPU,,,true,,0,0,0,0,0
1544904221313,98019,10.128.0.4 CPU,,,true,,0,0,0,0,0
1544904222328,100000,10.128.0.4 CPU,,,true,,0,0,0,0,0
1544904223328,98000,10.128.0.4 CPU,,,true,,0,0,0,0,0
1544904224343,98989,10.128.0.4 CPU,,,true,,0,0,0,0,0
1544904225344,99019,10.128.0.4 CPU,,,true,,0,0,0,0,0
1544904226359,98989,10.128.0.4 CPU,,,true,,0,0,0,0,0
1544904227375,99000,10.128.0.4 CPU,,,true,,0,0,0,0,0
1544904228375,98019,10.128.0.4 CPU,,,true,,0,0,0,0,0
1544904229390,99009,10.128.0.4 CPU,,,true,,0,0,0,0,0
1544904230406,98000,10.128.0.4 CPU,,,true,,0,0,0,0,0
1544904231421,99009,10.128.0.4 CPU,,,true,,0,0,0,0,0
1544904232422,99000,10.128.0.4 CPU,,,true,,0,0,0,0,0
1544904233422,99000,10.128.0.4 CPU,,,true,,0,0,0,0,0
1544904234437,99000,10.128.0.4 CPU,,,true,,0,0,0,0,0
1544904235453,99009,10.128.0.4 CPU,,,true,,0,0,0,0,0
1544904236468,98000,10.128.0.4 CPU,,,true,,0,0,0,0,0
1544904237468,100000,10.128.0.4 CPU,,,true,,0,0,0,0,0
1544904238484,98989,10.128.0.4 CPU,,,true,,0,0,0,0,0
1544904239484,99009,10.128.0.4 CPU,,,true,,0,0,0,0,0
1544904240500,99009,10.128.0.4 CPU,,,true,,0,0,0,0,0
1544904241515,99000,10.128.0.4 CPU,,,true,,0,0,0,0,0
1544904242531,99009,10.128.0.4 CPU,,,true,,0,0,0,0,0
1544904243546,98989,10.128.0.4 CPU,,,true,,0,0,0,0,0
1544904244547,99009,10.128.0.4 CPU,,,true,,0,0,0,0,0
1544904245562,100000,10.128.0.4 CPU,,,true,,0,0,0,0,0
1544904246578,98039,10.128.0.4 CPU,,,true,,0,0,0,0,0
1544904247578,100000,10.128.0.4 CPU,,,true,,0,0,0,0,0
1544904248594,99009,10.128.0.4 CPU,,,true,,0,0,0,0,0
1544904249640,99009,10.128.0.4 CPU,,,true,,0,0,0,0,0
1544904250641,98000,10.128.0.4 CPU,,,true,,0,0,0,0,0
1544904251656,98989,10.128.0.4 CPU,,,true,,0,0,0,0,0
1544904252671,99009,10.128.0.4 CPU,,,true,,0,0,0,0,0
1544904253671,98000,10.128.0.4 CPU,,,true,,0,0,0,0,0
1544904254672,99000,10.128.0.4 CPU,,,true,,0,0,0,0,0
1544904255672,99009,10.128.0.4 CPU,,,true,,0,0,0,0,0
1544904256687,98000,10.128.0.4 CPU,,,true,,0,0,0,0,0
1544904257703,99009,10.128.0.4 CPU,,,true,,0,0,0,0,0
1544904258703,98000,10.128.0.4 CPU,,,true,,0,0,0,0,0
1544904259718,98989,10.128.0.4 CPU,,,true,,0,0,0,0,0
1544904260749,98019,10.128.0.4 CPU,,,true,,0,0,0,0,0
1544904261781,100000,10.128.0.4 CPU,,,true,,0,0,0,0,0
1544904262796,99009,10.128.0.4 CPU,,,true,,0,0,0,0,0
1544904263812,98000,10.128.0.4 CPU,,,true,,0,0,0,0,0
1544904264812,99000,10.128.0.4 CPU,,,true,,0,0,0,0,0
1544904265828,99009,10.128.0.4 CPU,,,true,,0,0,0,0,0
1544904266828,99000,10.128.0.4 CPU,,,true,,0,0,0,0,0
1544904267828,99000,10.128.0.4 CPU,,,true,,0,0,0,0,0
1544904268843,99009,10.128.0.4 CPU,,,true,,0,0,0,0,0
1544904269859,98000,10.128.0.4 CPU,,,true,,0,0,0,0,0
1544904270874,99000,10.128.0.4 CPU,,,true,,0,0,0,0,0
1544904271875,98019,10.128.0.4 CPU,,,true,,0,0,0,0,0
1544904272890,99000,10.128.0.4 CPU,,,true,,0,0,0,0,0
1544904273906,99000,10.128.0.4 CPU,,,true,,0,0,0,0,0
1544904274921,99000,10.128.0.4 CPU,,,true,,0,0,0,0,0
1544904275937,99000,10.128.0.4 CPU,,,true,,0,0,0,0,0
1544904276953,98019,10.128.0.4 CPU,,,true,,0,0,0,0,0
1544904277953,99009,10.128.0.4 CPU,,,true,,0,0,0,0,0
1544904278968,99009,10.128.0.4 CPU,,,true,,0,0,0,0,0
1544904279984,97979,10.128.0.4 CPU,,,true,,0,0,0,0,0
1544904280984,99000,10.128.0.4 CPU,,,true,,0,0,0,0,0
1544904282000,100000,10.128.0.4 CPU,,,true,,0,0,0,0,0
1544904283015,99009,10.128.0.4 CPU,,,true,,0,0,0,0,0
1544904284015,98989,10.128.0.4 CPU,,,true,,0,0,0,0,0
1544904285031,98019,10.128.0.4 CPU,,,true,,0,0,0,0,0
1544904286031,99000,10.128.0.4 CPU,,,true,,0,0,0,0,0
1544904287031,99000,10.128.0.4 CPU,,,true,,0,0,0,0,0
1544904288046,99000,10.128.0.4 CPU,,,true,,0,0,0,0,0
1544904289047,100000,10.128.0.4 CPU,,,true,,0,0,0,0,0
1544904290062,99000,10.128.0.4 CPU,,,true,,0,0,0,0,0
1544904291078,98019,10.128.0.4 CPU,,,true,,0,0,0,0,0
1544904292093,99000,10.128.0.4 CPU,,,true,,0,0,0,0,0
1544904293093,99000,10.128.0.4 CPU,,,true,,0,0,0,0,0
1544904294109,99000,10.128.0.4 CPU,,,true,,0,0,0,0,0
1544904295125,99000,10.128.0.4 CPU,,,true,,0,0,0,0,0
1544904296140,98000,10.128.0.4 CPU,,,true,,0,0,0,0,0
1544904297156,99000,10.128.0.4 CPU,,,true,,0,0,0,0,0
1544904298171,99000,10.128.0.4 CPU,,,true,,0,0,0,0,0
1544904299171,98989,10.128.0.4 CPU,,,true,,0,0,0,0,0
1544904300187,99009,10.128.0.4 CPU,,,true,,0,0,0,0,0
1544904301203,100000,10.128.0.4 CPU,,,true,,0,0,0,0,0
1544904302218,98019,10.128.0.4 CPU,,,true,,0,0,0,0,0
1544904303234,99009,10.128.0.4 CPU,,,true,,0,0,0,0,0
1544904304234,99000,10.128.0.4 CPU,,,true,,0,0,0,0,0
1544904305234,99000,10.128.0.4 CPU,,,true,,0,0,0,0,0
1544904306249,100000,10.128.0.4 CPU,,,true,,0,0,0,0,0
1544904307265,98019,10.128.0.4 CPU,,,true,,0,0,0,0,0
1544904308281,99000,10.128.0.4 CPU,,,true,,0,0,0,0,0
1544904309296,99009,10.128.0.4 CPU,,,true,,0,0,0,0,0
1544904310297,98989,10.128.0.4 CPU,,,true,,0,0,0,0,0
1544904311312,98000,10.128.0.4 CPU,,,true,,0,0,0,0,0
1544904312328,100000,10.128.0.4 CPU,,,true,,0,0,0,0,0
1544904313328,99009,10.128.0.4 CPU,,,true,,0,0,0,0,0
1544904314328,99000,10.128.0.4 CPU,,,true,,0,0,0,0,0
1544904315343,99000,10.128.0.4 CPU,,,true,,0,0,0,0,0
1544904316359,99000,10.128.0.4 CPU,,,true,,0,0,0,0,0
1544904317359,99009,10.128.0.4 CPU,,,true,,0,0,0,0,0
1544904318375,99000,10.128.0.4 CPU,,,true,,0,0,0,0,0
1544904319375,98019,10.128.0.4 CPU,,,true,,0,0,0,0,0
1544904320390,99000,10.128.0.4 CPU,,,true,,0,0,0,0,0
1544904321406,99000,10.128.0.4 CPU,,,true,,0,0,0,0,0
1544904322421,99000,10.128.0.4 CPU,,,true,,0,0,0,0,0
1544904323421,100000,10.128.0.4 CPU,,,true,,0,0,0,0,0
1544904324421,99000,10.128.0.4 CPU,,,true,,0,0,0,0,0
1544904325437,98039,10.128.0.4 CPU,,,true,,0,0,0,0,0
1544904326437,99000,10.128.0.4 CPU,,,true,,0,0,0,0,0
1544904327453,99000,10.128.0.4 CPU,,,true,,0,0,0,0,0
1544904328453,99009,10.128.0.4 CPU,,,true,,0,0,0,0,0
1544904329468,100000,10.128.0.4 CPU,,,true,,0,0,0,0,0
1544904330484,98019,10.128.0.4 CPU,,,true,,0,0,0,0,0
1544904331499,99000,10.128.0.4 CPU,,,true,,0,0,0,0,0
1544904332500,99000,10.128.0.4 CPU,,,true,,0,0,0,0,0
1544904333515,98000,10.128.0.4 CPU,,,true,,0,0,0,0,0
1544904334531,99000,10.128.0.4 CPU,,,true,,0,0,0,0,0
1544904335546,98000,10.128.0.4 CPU,,,true,,0,0,0,0,0
1544904336562,99000,10.128.0.4 CPU,,,true,,0,0,0,0,0
1544904337578,98019,10.128.0.4 CPU,,,true,,0,0,0,0,0
1544904338578,99000,10.128.0.4 CPU,,,true,,0,0,0,0,0
1544904339593,99000,10.128.0.4 CPU,,,true,,0,0,0,0,0
1544904340593,99000,10.128.0.4 CPU,,,true,,0,0,0,0,0
1544904341609,99009,10.128.0.4 CPU,,,true,,0,0,0,0,0
1544904342625,100000,10.128.0.4 CPU,,,true,,0,0,0,0,0
1544904343640,99009,10.128.0.4 CPU,,,true,,0,0,0,0,0
1544904344656,99000,10.128.0.4 CPU,,,true,,0,0,0,0,0
1544904345656,98019,10.128.0.4 CPU,,,true,,0,0,0,0,0
1544904346671,100000,10.128.0.4 CPU,,,true,,0,0,0,0,0
1544904347671,98019,10.128.0.4 CPU,,,true,,0,0,0,0,0
1544904348687,98989,10.128.0.4 CPU,,,true,,0,0,0,0,0
1544904349703,99000,10.128.0.4 CPU,,,true,,0,0,0,0,0
1544904350718,98989,10.128.0.4 CPU,,,true,,0,0,0,0,0
1544904351719,99000,10.128.0.4 CPU,,,true,,0,0,0,0,0
1544904352734,99009,10.128.0.4 CPU,,,true,,0,0,0,0,0
1544904353749,99000,10.128.0.4 CPU,,,true,,0,0,0,0,0
1544904354749,99009,10.128.0.4 CPU,,,true,,0,0,0,0,0
1544904355765,98039,10.128.0.4 CPU,,,true,,0,0,0,0,0
1544904356765,98989,10.128.0.4 CPU,,,true,,0,0,0,0,0
1544904357781,99009,10.128.0.4 CPU,,,true,,0,0,0,0,0
1544904358796,99000,10.128.0.4 CPU,,,true,,0,0,0,0,0
1544904359812,100000,10.128.0.4 CPU,,,true,,0,0,0,0,0
1544904360827,99000,10.128.0.4 CPU,,,true,,0,0,0,0,0
1544904361828,99000,10.128.0.4 CPU,,,true,,0,0,0,0,0
1544904362843,99009,10.128.0.4 CPU,,,true,,0,0,0,0,0
1544904363859,99000,10.128.0.4 CPU,,,true,,0,0,0,0,0
1544904364874,98000,10.128.0.4 CPU,,,true,,0,0,0,0,0
1544904365874,99000,10.128.0.4 CPU,,,true,,0,0,0,0,0
1544904366890,99000,10.128.0.4 CPU,,,true,,0,0,0,0,0
1544904367906,99000,10.128.0.4 CPU,,,true,,0,0,0,0,0
1544904368921,99000,10.128.0.4 CPU,,,true,,0,0,0,0,0
1544904369921,99000,10.128.0.4 CPU,,,true,,0,0,0,0,0
1544904370937,99000,10.128.0.4 CPU,,,true,,0,0,0,0,0
1544904371952,98019,10.128.0.4 CPU,,,true,,0,0,0,0,0
1544904372953,98019,10.128.0.4 CPU,,,true,,0,0,0,0,0
1544904373968,98000,10.128.0.4 CPU,,,true,,0,0,0,0,0
1544904374968,99009,10.128.0.4 CPU,,,true,,0,0,0,0,0
1544904375984,98019,10.128.0.4 CPU,,,true,,0,0,0,0,0
1544904376984,98989,10.128.0.4 CPU,,,true,,0,0,0,0,0
1544904377984,100000,10.128.0.4 CPU,,,true,,0,0,0,0,0
1544904379000,98019,10.128.0.4 CPU,,,true,,0,0,0,0,0
1544904380015,99009,10.128.0.4 CPU,,,true,,0,0,0,0,0
1544904381031,99000,10.128.0.4 CPU,,,true,,0,0,0,0,0
1544904382046,99000,10.128.0.4 CPU,,,true,,0,0,0,0,0
1544904383062,99009,10.128.0.4 CPU,,,true,,0,0,0,0,0
1544904384062,97979,10.128.0.4 CPU,,,true,,0,0,0,0,0
1544904385077,99000,10.128.0.4 CPU,,,true,,0,0,0,0,0
1544904386078,98000,10.128.0.4 CPU,,,true,,0,0,0,0,0
1544904387093,99009,10.128.0.4 CPU,,,true,,0,0,0,0,0
1544904388093,99009,10.128.0.4 CPU,,,true,,0,0,0,0,0
1544904389109,98979,10.128.0.4 CPU,,,true,,0,0,0,0,0
1544904390124,99009,10.128.0.4 CPU,,,true,,0,0,0,0,0
1544904391124,98989,10.128.0.4 CPU,,,true,,0,0,0,0,0
1544904392140,98000,10.128.0.4 CPU,,,true,,0,0,0,0,0
1544904393140,100000,10.128.0.4 CPU,,,true,,0,0,0,0,0
1544904394156,99009,10.128.0.4 CPU,,,true,,0,0,0,0,0
1544904395171,98000,10.128.0.4 CPU,,,true,,0,0,0,0,0
1544904396187,99000,10.128.0.4 CPU,,,true,,0,0,0,0,0
1544904397202,100000,10.128.0.4 CPU,,,true,,0,0,0,0,0
1544904398202,98000,10.128.0.4 CPU,,,true,,0,0,0,0,0
1544904399218,98979,10.128.0.4 CPU,,,true,,0,0,0,0,0
1544904400218,99009,10.128.0.4 CPU,,,true,,0,0,0,0,0
1544904401219,98000,10.128.0.4 CPU,,,true,,0,0,0,0,0
1544904402219,99009,10.128.0.4 CPU,,,true,,0,0,0,0,0
1544904403235,98989,10.128.0.4 CPU,,,true,,0,0,0,0,0
1544904404250,99009,10.128.0.4 CPU,,,true,,0,0,0,0,0
1544904405250,99000,10.128.0.4 CPU,,,true,,0,0,0,0,0
1544904406266,99009,10.128.0.4 CPU,,,true,,0,0,0,0,0
1544904407266,99000,10.128.0.4 CPU,,,true,,0,0,0,0,0
1544904408266,99000,10.128.0.4 CPU,,,true,,0,0,0,0,0
1544904409282,98019,10.128.0.4 CPU,,,true,,0,0,0,0,0
1544904410297,99000,10.128.0.4 CPU,,,true,,0,0,0,0,0
1544904411313,99000,10.128.0.4 CPU,,,true,,0,0,0,0,0
1544904412313,99000,10.128.0.4 CPU,,,true,,0,0,0,0,0
1544904413328,99000,10.128.0.4 CPU,,,true,,0,0,0,0,0
1544904414344,98019,10.128.0.4 CPU,,,true,,0,0,0,0,0
1544904415360,99000,10.128.0.4 CPU,,,true,,0,0,0,0,0
1544904416375,99000,10.128.0.4 CPU,,,true,,0,0,0,0,0
1544904417391,98019,10.128.0.4 CPU,,,true,,0,0,0,0,0
1544904418391,99009,10.128.0.4 CPU,,,true,,0,0,0,0,0
1544904419407,100000,10.128.0.4 CPU,,,true,,0,0,0,0,0
1544904420422,98019,10.128.0.4 CPU,,,true,,0,0,0,0,0
1544904421438,99000,10.128.0.4 CPU,,,true,,0,0,0,0,0
1544904422453,98989,10.128.0.4 CPU,,,true,,0,0,0,0,0
1544904423453,98000,10.128.0.4 CPU,,,true,,0,0,0,0,0
1544904424469,98019,10.128.0.4 CPU,,,true,,0,0,0,0,0
1544904425469,99000,10.128.0.4 CPU,,,true,,0,0,0,0,0
1544904426485,99009,10.128.0.4 CPU,,,true,,0,0,0,0,0
1544904427485,98989,10.128.0.4 CPU,,,true,,0,0,0,0,0
1544904428500,99000,10.128.0.4 CPU,,,true,,0,0,0,0,0
1544904429516,99000,10.128.0.4 CPU,,,true,,0,0,0,0,0
1544904430516,99009,10.128.0.4 CPU,,,true,,0,0,0,0,0
1544904431532,99000,10.128.0.4 CPU,,,true,,0,0,0,0,0
1544904432547,99000,10.128.0.4 CPU,,,true,,0,0,0,0,0
1544904433547,99000,10.128.0.4 CPU,,,true,,0,0,0,0,0
1544904434563,99000,10.128.0.4 CPU,,,true,,0,0,0,0,0
1544904435578,98000,10.128.0.4 CPU,,,true,,0,0,0,0,0
1544904436578,99009,10.128.0.4 CPU,,,true,,0,0,0,0,0
1544904437578,99000,10.128.0.4 CPU,,,true,,0,0,0,0,0
1544904438594,98989,10.128.0.4 CPU,,,true,,0,0,0,0,0
1544904439594,99009,10.128.0.4 CPU,,,true,,0,0,0,0,0
1544904440594,99000,10.128.0.4 CPU,,,true,,0,0,0,0,0
1544904441610,99009,10.128.0.4 CPU,,,true,,0,0,0,0,0
1544904442625,99000,10.128.0.4 CPU,,,true,,0,0,0,0,0
1544904443641,98989,10.128.0.4 CPU,,,true,,0,0,0,0,0
1544904444656,99009,10.128.0.4 CPU,,,true,,0,0,0,0,0
1544904445672,98000,10.128.0.4 CPU,,,true,,0,0,0,0,0
1544904446688,99000,10.128.0.4 CPU,,,true,,0,0,0,0,0
1544904447703,99009,10.128.0.4 CPU,,,true,,0,0,0,0,0
1544904448719,98000,10.128.0.4 CPU,,,true,,0,0,0,0,0
1544904449735,98989,10.128.0.4 CPU,,,true,,0,0,0,0,0
1544904450750,99000,10.128.0.4 CPU,,,true,,0,0,0,0,0
1544904451750,98000,10.128.0.4 CPU,,,true,,0,0,0,0,0
1544904452766,100000,10.128.0.4 CPU,,,true,,0,0,0,0,0
1544904453766,99000,10.128.0.4 CPU,,,true,,0,0,0,0,0
1544904454781,98000,10.128.0.4 CPU,,,true,,0,0,0,0,0
1544904455797,99009,10.128.0.4 CPU,,,true,,0,0,0,0,0
1544904456813,98039,10.128.0.4 CPU,,,true,,0,0,0,0,0
