timeStamp,elapsed,label,responseCode,responseMessage,threadName,dataType,success,failureMessage,bytes,sentBytes,grpThreads,allThreads,Latency,IdleTime,Connect
1544944092437,22491,10.128.0.4 Memory,,,,,true,,0,0,0,0,0,0,0
1544944093437,22551,10.128.0.4 Memory,,,,,true,,0,0,0,0,0,0,0
1544944094453,22626,10.128.0.4 Memory,,,,,true,,0,0,0,0,0,0,0
1544944095468,22516,10.128.0.4 Memory,,,,,true,,0,0,0,0,0,0,0
1544944096468,22691,10.128.0.4 Memory,,,,,true,,0,0,0,0,0,0,0
1544944097484,22778,10.128.0.4 Memory,,,,,true,,0,0,0,0,0,0,0
1544944098484,22752,10.128.0.4 Memory,,,,,true,,0,0,0,0,0,0,0
1544944099500,22702,10.128.0.4 Memory,,,,,true,,0,0,0,0,0,0,0
1544944100515,22701,10.128.0.4 Memory,,,,,true,,0,0,0,0,0,0,0
1544944101531,22691,10.128.0.4 Memory,,,,,true,,0,0,0,0,0,0,0
1544944102531,22862,10.128.0.4 Memory,,,,,true,,0,0,0,0,0,0,0
1544944103547,22719,10.128.0.4 Memory,,,,,true,,0,0,0,0,0,0,0
1544944104547,22725,10.128.0.4 Memory,,,,,true,,0,0,0,0,0,0,0
1544944105562,22680,10.128.0.4 Memory,,,,,true,,0,0,0,0,0,0,0
1544944106562,22660,10.128.0.4 Memory,,,,,true,,0,0,0,0,0,0,0
1544944107578,22718,10.128.0.4 Memory,,,,,true,,0,0,0,0,0,0,0
1544944108593,22808,10.128.0.4 Memory,,,,,true,,0,0,0,0,0,0,0
1544944109594,22741,10.128.0.4 Memory,,,,,true,,0,0,0,0,0,0,0
1544944110609,22708,10.128.0.4 Memory,,,,,true,,0,0,0,0,0,0,0
1544944111625,22745,10.128.0.4 Memory,,,,,true,,0,0,0,0,0,0,0
1544944112625,22780,10.128.0.4 Memory,,,,,true,,0,0,0,0,0,0,0
1544944113625,22825,10.128.0.4 Memory,,,,,true,,0,0,0,0,0,0,0
1544944114625,22830,10.128.0.4 Memory,,,,,true,,0,0,0,0,0,0,0
1544944115641,22826,10.128.0.4 Memory,,,,,true,,0,0,0,0,0,0,0
1544944116703,22844,10.128.0.4 Memory,,,,,true,,0,0,0,0,0,0,0
1544944117718,22838,10.128.0.4 Memory,,,,,true,,0,0,0,0,0,0,0
1544944118718,22853,10.128.0.4 Memory,,,,,true,,0,0,0,0,0,0,0
1544944119734,22874,10.128.0.4 Memory,,,,,true,,0,0,0,0,0,0,0
1544944120750,22877,10.128.0.4 Memory,,,,,true,,0,0,0,0,0,0,0
1544944121765,22847,10.128.0.4 Memory,,,,,true,,0,0,0,0,0,0,0
1544944122781,22874,10.128.0.4 Memory,,,,,true,,0,0,0,0,0,0,0
1544944123797,22946,10.128.0.4 Memory,,,,,true,,0,0,0,0,0,0,0
1544944124797,22917,10.128.0.4 Memory,,,,,true,,0,0,0,0,0,0,0
1544944125797,22859,10.128.0.4 Memory,,,,,true,,0,0,0,0,0,0,0
1544944126859,22895,10.128.0.4 Memory,,,,,true,,0,0,0,0,0,0,0
1544944127859,22829,10.128.0.4 Memory,,,,,true,,0,0,0,0,0,0,0
1544944128875,22880,10.128.0.4 Memory,,,,,true,,0,0,0,0,0,0,0
1544944129890,22915,10.128.0.4 Memory,,,,,true,,0,0,0,0,0,0,0
1544944130890,23001,10.128.0.4 Memory,,,,,true,,0,0,0,0,0,0,0
1544944131906,22880,10.128.0.4 Memory,,,,,true,,0,0,0,0,0,0,0
1544944132906,22865,10.128.0.4 Memory,,,,,true,,0,0,0,0,0,0,0
1544944133922,22931,10.128.0.4 Memory,,,,,true,,0,0,0,0,0,0,0
1544944134937,23079,10.128.0.4 Memory,,,,,true,,0,0,0,0,0,0,0
1544944135937,23100,10.128.0.4 Memory,,,,,true,,0,0,0,0,0,0,0
1544944136937,23237,10.128.0.4 Memory,,,,,true,,0,0,0,0,0,0,0
1544944137953,23174,10.128.0.4 Memory,,,,,true,,0,0,0,0,0,0,0
1544944138953,23522,10.128.0.4 Memory,,,,,true,,0,0,0,0,0,0,0
1544944139953,23594,10.128.0.4 Memory,,,,,true,,0,0,0,0,0,0,0
1544944140968,23821,10.128.0.4 Memory,,,,,true,,0,0,0,0,0,0,0
1544944141969,23783,10.128.0.4 Memory,,,,,true,,0,0,0,0,0,0,0
1544944142984,23858,10.128.0.4 Memory,,,,,true,,0,0,0,0,0,0,0
1544944143984,23845,10.128.0.4 Memory,,,,,true,,0,0,0,0,0,0,0
1544944145000,23919,10.128.0.4 Memory,,,,,true,,0,0,0,0,0,0,0
1544944146015,23867,10.128.0.4 Memory,,,,,true,,0,0,0,0,0,0,0
1544944147015,23968,10.128.0.4 Memory,,,,,true,,0,0,0,0,0,0,0
1544944148031,23894,10.128.0.4 Memory,,,,,true,,0,0,0,0,0,0,0
1544944149031,23920,10.128.0.4 Memory,,,,,true,,0,0,0,0,0,0,0
1544944150047,23874,10.128.0.4 Memory,,,,,true,,0,0,0,0,0,0,0
1544944151062,23909,10.128.0.4 Memory,,,,,true,,0,0,0,0,0,0,0
1544944152062,23922,10.128.0.4 Memory,,,,,true,,0,0,0,0,0,0,0
1544944153078,23918,10.128.0.4 Memory,,,,,true,,0,0,0,0,0,0,0
1544944154078,23906,10.128.0.4 Memory,,,,,true,,0,0,0,0,0,0,0
1544944155093,23910,10.128.0.4 Memory,,,,,true,,0,0,0,0,0,0,0
1544944156301,23939,10.128.0.4 Memory,,,,,true,,0,0,0,0,0,0,0
1544944157309,24010,10.128.0.4 Memory,,,,,true,,0,0,0,0,0,0,0
1544944158312,23932,10.128.0.4 Memory,,,,,true,,0,0,0,0,0,0,0
1544944159313,23895,10.128.0.4 Memory,,,,,true,,0,0,0,0,0,0,0
1544944160328,23907,10.128.0.4 Memory,,,,,true,,0,0,0,0,0,0,0
1544944161375,23944,10.128.0.4 Memory,,,,,true,,0,0,0,0,0,0,0
1544944162390,23929,10.128.0.4 Memory,,,,,true,,0,0,0,0,0,0,0
1544944163406,23950,10.128.0.4 Memory,,,,,true,,0,0,0,0,0,0,0
1544944164484,23904,10.128.0.4 Memory,,,,,true,,0,0,0,0,0,0,0
1544944165485,23940,10.128.0.4 Memory,,,,,true,,0,0,0,0,0,0,0
1544944166500,23958,10.128.0.4 Memory,,,,,true,,0,0,0,0,0,0,0
1544944167500,23859,10.128.0.4 Memory,,,,,true,,0,0,0,0,0,0,0
1544944168515,24011,10.128.0.4 Memory,,,,,true,,0,0,0,0,0,0,0
1544944169515,24021,10.128.0.4 Memory,,,,,true,,0,0,0,0,0,0,0
1544944170531,24014,10.128.0.4 Memory,,,,,true,,0,0,0,0,0,0,0
1544944171547,24245,10.128.0.4 Memory,,,,,true,,0,0,0,0,0,0,0
1544944172547,24299,10.128.0.4 Memory,,,,,true,,0,0,0,0,0,0,0
1544944173562,24256,10.128.0.4 Memory,,,,,true,,0,0,0,0,0,0,0
1544944174578,24323,10.128.0.4 Memory,,,,,true,,0,0,0,0,0,0,0
1544944175579,24281,10.128.0.4 Memory,,,,,true,,0,0,0,0,0,0,0
1544944176593,24463,10.128.0.4 Memory,,,,,true,,0,0,0,0,0,0,0
1544944177594,24489,10.128.0.4 Memory,,,,,true,,0,0,0,0,0,0,0
1544944178609,24500,10.128.0.4 Memory,,,,,true,,0,0,0,0,0,0,0
1544944179625,24525,10.128.0.4 Memory,,,,,true,,0,0,0,0,0,0,0
1544944180640,24536,10.128.0.4 Memory,,,,,true,,0,0,0,0,0,0,0
1544944181656,24726,10.128.0.4 Memory,,,,,true,,0,0,0,0,0,0,0
1544944182656,24844,10.128.0.4 Memory,,,,,true,,0,0,0,0,0,0,0
1544944183672,24864,10.128.0.4 Memory,,,,,true,,0,0,0,0,0,0,0
1544944184687,24914,10.128.0.4 Memory,,,,,true,,0,0,0,0,0,0,0
1544944185703,24860,10.128.0.4 Memory,,,,,true,,0,0,0,0,0,0,0
1544944186704,24975,10.128.0.4 Memory,,,,,true,,0,0,0,0,0,0,0
1544944187718,25076,10.128.0.4 Memory,,,,,true,,0,0,0,0,0,0,0
1544944188719,25142,10.128.0.4 Memory,,,,,true,,0,0,0,0,0,0,0
1544944189734,25094,10.128.0.4 Memory,,,,,true,,0,0,0,0,0,0,0
1544944190734,25144,10.128.0.4 Memory,,,,,true,,0,0,0,0,0,0,0
1544944191750,25199,10.128.0.4 Memory,,,,,true,,0,0,0,0,0,0,0
1544944192750,25278,10.128.0.4 Memory,,,,,true,,0,0,0,0,0,0,0
1544944193765,25221,10.128.0.4 Memory,,,,,true,,0,0,0,0,0,0,0
1544944194781,25238,10.128.0.4 Memory,,,,,true,,0,0,0,0,0,0,0
1544944195781,25211,10.128.0.4 Memory,,,,,true,,0,0,0,0,0,0,0
1544944196781,25207,10.128.0.4 Memory,,,,,true,,0,0,0,0,0,0,0
1544944197797,25267,10.128.0.4 Memory,,,,,true,,0,0,0,0,0,0,0
1544944198812,25344,10.128.0.4 Memory,,,,,true,,0,0,0,0,0,0,0
1544944199828,25237,10.128.0.4 Memory,,,,,true,,0,0,0,0,0,0,0
1544944200828,25245,10.128.0.4 Memory,,,,,true,,0,0,0,0,0,0,0
1544944201844,25238,10.128.0.4 Memory,,,,,true,,0,0,0,0,0,0,0
1544944202844,25200,10.128.0.4 Memory,,,,,true,,0,0,0,0,0,0,0
1544944203859,25303,10.128.0.4 Memory,,,,,true,,0,0,0,0,0,0,0
1544944204860,25221,10.128.0.4 Memory,,,,,true,,0,0,0,0,0,0,0
1544944205860,25256,10.128.0.4 Memory,,,,,true,,0,0,0,0,0,0,0
1544944206875,25237,10.128.0.4 Memory,,,,,true,,0,0,0,0,0,0,0
1544944207890,25252,10.128.0.4 Memory,,,,,true,,0,0,0,0,0,0,0
1544944208906,25267,10.128.0.4 Memory,,,,,true,,0,0,0,0,0,0,0
1544944209906,25218,10.128.0.4 Memory,,,,,true,,0,0,0,0,0,0,0
1544944210922,25223,10.128.0.4 Memory,,,,,true,,0,0,0,0,0,0,0
1544944211937,25213,10.128.0.4 Memory,,,,,true,,0,0,0,0,0,0,0
1544944212937,25198,10.128.0.4 Memory,,,,,true,,0,0,0,0,0,0,0
1544944213953,25232,10.128.0.4 Memory,,,,,true,,0,0,0,0,0,0,0
1544944214969,25267,10.128.0.4 Memory,,,,,true,,0,0,0,0,0,0,0
1544944215969,25310,10.128.0.4 Memory,,,,,true,,0,0,0,0,0,0,0
1544944216984,25263,10.128.0.4 Memory,,,,,true,,0,0,0,0,0,0,0
1544944217984,25307,10.128.0.4 Memory,,,,,true,,0,0,0,0,0,0,0
1544944219000,25461,10.128.0.4 Memory,,,,,true,,0,0,0,0,0,0,0
1544944220000,25374,10.128.0.4 Memory,,,,,true,,0,0,0,0,0,0,0
1544944221015,25376,10.128.0.4 Memory,,,,,true,,0,0,0,0,0,0,0
1544944222015,25333,10.128.0.4 Memory,,,,,true,,0,0,0,0,0,0,0
1544944223031,25357,10.128.0.4 Memory,,,,,true,,0,0,0,0,0,0,0
1544944224047,25509,10.128.0.4 Memory,,,,,true,,0,0,0,0,0,0,0
1544944225062,25402,10.128.0.4 Memory,,,,,true,,0,0,0,0,0,0,0
1544944226064,25398,10.128.0.4 Memory,,,,,true,,0,0,0,0,0,0,0
1544944227078,25440,10.128.0.4 Memory,,,,,true,,0,0,0,0,0,0,0
1544944228094,25370,10.128.0.4 Memory,,,,,true,,0,0,0,0,0,0,0
1544944229109,25465,10.128.0.4 Memory,,,,,true,,0,0,0,0,0,0,0
1544944230125,25432,10.128.0.4 Memory,,,,,true,,0,0,0,0,0,0,0
1544944231140,25395,10.128.0.4 Memory,,,,,true,,0,0,0,0,0,0,0
1544944232156,25423,10.128.0.4 Memory,,,,,true,,0,0,0,0,0,0,0
1544944233156,25380,10.128.0.4 Memory,,,,,true,,0,0,0,0,0,0,0
1544944234156,25372,10.128.0.4 Memory,,,,,true,,0,0,0,0,0,0,0
1544944235172,25468,10.128.0.4 Memory,,,,,true,,0,0,0,0,0,0,0
1544944236187,25459,10.128.0.4 Memory,,,,,true,,0,0,0,0,0,0,0
1544944237188,25419,10.128.0.4 Memory,,,,,true,,0,0,0,0,0,0,0
1544944238203,25394,10.128.0.4 Memory,,,,,true,,0,0,0,0,0,0,0
1544944239219,25430,10.128.0.4 Memory,,,,,true,,0,0,0,0,0,0,0
1544944240234,25446,10.128.0.4 Memory,,,,,true,,0,0,0,0,0,0,0
1544944241234,25443,10.128.0.4 Memory,,,,,true,,0,0,0,0,0,0,0
1544944242234,25497,10.128.0.4 Memory,,,,,true,,0,0,0,0,0,0,0
1544944243250,25438,10.128.0.4 Memory,,,,,true,,0,0,0,0,0,0,0
1544944244250,25475,10.128.0.4 Memory,,,,,true,,0,0,0,0,0,0,0
1544944245265,25400,10.128.0.4 Memory,,,,,true,,0,0,0,0,0,0,0
1544944246281,25486,10.128.0.4 Memory,,,,,true,,0,0,0,0,0,0,0
1544944247282,25421,10.128.0.4 Memory,,,,,true,,0,0,0,0,0,0,0
1544944248297,25501,10.128.0.4 Memory,,,,,true,,0,0,0,0,0,0,0
1544944249297,25382,10.128.0.4 Memory,,,,,true,,0,0,0,0,0,0,0
1544944250338,25287,10.128.0.4 Memory,,,,,true,,0,0,0,0,0,0,0
1544944251657,25496,10.128.0.4 Memory,,,,,true,,0,0,0,0,0,0,0
1544944252842,25481,10.128.0.4 Memory,,,,,true,,0,0,0,0,0,0,0
1544944253844,25470,10.128.0.4 Memory,,,,,true,,0,0,0,0,0,0,0
1544944254859,25480,10.128.0.4 Memory,,,,,true,,0,0,0,0,0,0,0
1544944255859,25542,10.128.0.4 Memory,,,,,true,,0,0,0,0,0,0,0
1544944256859,25520,10.128.0.4 Memory,,,,,true,,0,0,0,0,0,0,0
1544944257875,25584,10.128.0.4 Memory,,,,,true,,0,0,0,0,0,0,0
1544944258891,25626,10.128.0.4 Memory,,,,,true,,0,0,0,0,0,0,0
1544944259906,25583,10.128.0.4 Memory,,,,,true,,0,0,0,0,0,0,0
1544944260906,25585,10.128.0.4 Memory,,,,,true,,0,0,0,0,0,0,0
1544944261922,25558,10.128.0.4 Memory,,,,,true,,0,0,0,0,0,0,0
1544944262922,25624,10.128.0.4 Memory,,,,,true,,0,0,0,0,0,0,0
1544944263937,25595,10.128.0.4 Memory,,,,,true,,0,0,0,0,0,0,0
1544944264937,25624,10.128.0.4 Memory,,,,,true,,0,0,0,0,0,0,0
1544944265953,25576,10.128.0.4 Memory,,,,,true,,0,0,0,0,0,0,0
1544944266953,25676,10.128.0.4 Memory,,,,,true,,0,0,0,0,0,0,0
1544944267953,25617,10.128.0.4 Memory,,,,,true,,0,0,0,0,0,0,0
1544944268969,25710,10.128.0.4 Memory,,,,,true,,0,0,0,0,0,0,0
1544944269969,25593,10.128.0.4 Memory,,,,,true,,0,0,0,0,0,0,0
1544944270984,25615,10.128.0.4 Memory,,,,,true,,0,0,0,0,0,0,0
1544944271984,25642,10.128.0.4 Memory,,,,,true,,0,0,0,0,0,0,0
1544944272984,25649,10.128.0.4 Memory,,,,,true,,0,0,0,0,0,0,0
1544944273984,25596,10.128.0.4 Memory,,,,,true,,0,0,0,0,0,0,0
1544944275000,25629,10.128.0.4 Memory,,,,,true,,0,0,0,0,0,0,0
1544944276015,25613,10.128.0.4 Memory,,,,,true,,0,0,0,0,0,0,0
1544944277031,25676,10.128.0.4 Memory,,,,,true,,0,0,0,0,0,0,0
1544944278031,25618,10.128.0.4 Memory,,,,,true,,0,0,0,0,0,0,0
1544944279047,25646,10.128.0.4 Memory,,,,,true,,0,0,0,0,0,0,0
1544944280047,25640,10.128.0.4 Memory,,,,,true,,0,0,0,0,0,0,0
1544944281062,25644,10.128.0.4 Memory,,,,,true,,0,0,0,0,0,0,0
1544944282078,25735,10.128.0.4 Memory,,,,,true,,0,0,0,0,0,0,0
1544944283094,25718,10.128.0.4 Memory,,,,,true,,0,0,0,0,0,0,0
1544944284094,25725,10.128.0.4 Memory,,,,,true,,0,0,0,0,0,0,0
1544944285109,25690,10.128.0.4 Memory,,,,,true,,0,0,0,0,0,0,0
1544944286125,25663,10.128.0.4 Memory,,,,,true,,0,0,0,0,0,0,0
1544944287140,25775,10.128.0.4 Memory,,,,,true,,0,0,0,0,0,0,0
1544944288156,25834,10.128.0.4 Memory,,,,,true,,0,0,0,0,0,0,0
1544944289172,25722,10.128.0.4 Memory,,,,,true,,0,0,0,0,0,0,0
1544944290172,25733,10.128.0.4 Memory,,,,,true,,0,0,0,0,0,0,0
1544944291187,25684,10.128.0.4 Memory,,,,,true,,0,0,0,0,0,0,0
1544944292203,25746,10.128.0.4 Memory,,,,,true,,0,0,0,0,0,0,0
1544944293203,25780,10.128.0.4 Memory,,,,,true,,0,0,0,0,0,0,0
1544944294219,25725,10.128.0.4 Memory,,,,,true,,0,0,0,0,0,0,0
1544944295219,25714,10.128.0.4 Memory,,,,,true,,0,0,0,0,0,0,0
1544944296234,25669,10.128.0.4 Memory,,,,,true,,0,0,0,0,0,0,0
1544944297234,25758,10.128.0.4 Memory,,,,,true,,0,0,0,0,0,0,0
1544944298250,25752,10.128.0.4 Memory,,,,,true,,0,0,0,0,0,0,0
1544944299266,25744,10.128.0.4 Memory,,,,,true,,0,0,0,0,0,0,0
1544944300281,25742,10.128.0.4 Memory,,,,,true,,0,0,0,0,0,0,0
1544944301281,25670,10.128.0.4 Memory,,,,,true,,0,0,0,0,0,0,0
1544944302297,25763,10.128.0.4 Memory,,,,,true,,0,0,0,0,0,0,0
1544944303312,25776,10.128.0.4 Memory,,,,,true,,0,0,0,0,0,0,0
1544944304313,25792,10.128.0.4 Memory,,,,,true,,0,0,0,0,0,0,0
1544944305328,25845,10.128.0.4 Memory,,,,,true,,0,0,0,0,0,0,0
1544944306344,25783,10.128.0.4 Memory,,,,,true,,0,0,0,0,0,0,0
1544944307359,25971,10.128.0.4 Memory,,,,,true,,0,0,0,0,0,0,0
1544944308360,26042,10.128.0.4 Memory,,,,,true,,0,0,0,0,0,0,0
1544944309562,26008,10.128.0.4 Memory,,,,,true,,0,0,0,0,0,0,0
1544944310562,26156,10.128.0.4 Memory,,,,,true,,0,0,0,0,0,0,0
1544944311578,25990,10.128.0.4 Memory,,,,,true,,0,0,0,0,0,0,0
1544944312578,25984,10.128.0.4 Memory,,,,,true,,0,0,0,0,0,0,0
1544944313594,26065,10.128.0.4 Memory,,,,,true,,0,0,0,0,0,0,0
1544944314594,26056,10.128.0.4 Memory,,,,,true,,0,0,0,0,0,0,0
1544944315609,26074,10.128.0.4 Memory,,,,,true,,0,0,0,0,0,0,0
1544944316609,26028,10.128.0.4 Memory,,,,,true,,0,0,0,0,0,0,0
1544944317625,26006,10.128.0.4 Memory,,,,,true,,0,0,0,0,0,0,0
1544944318640,26068,10.128.0.4 Memory,,,,,true,,0,0,0,0,0,0,0
1544944319640,26057,10.128.0.4 Memory,,,,,true,,0,0,0,0,0,0,0
1544944320656,26012,10.128.0.4 Memory,,,,,true,,0,0,0,0,0,0,0
1544944321656,26005,10.128.0.4 Memory,,,,,true,,0,0,0,0,0,0,0
1544944322656,26030,10.128.0.4 Memory,,,,,true,,0,0,0,0,0,0,0
1544944323672,26074,10.128.0.4 Memory,,,,,true,,0,0,0,0,0,0,0
1544944324687,26087,10.128.0.4 Memory,,,,,true,,0,0,0,0,0,0,0
1544944325703,26068,10.128.0.4 Memory,,,,,true,,0,0,0,0,0,0,0
1544944326703,26032,10.128.0.4 Memory,,,,,true,,0,0,0,0,0,0,0
1544944327719,26028,10.128.0.4 Memory,,,,,true,,0,0,0,0,0,0,0
1544944328719,26050,10.128.0.4 Memory,,,,,true,,0,0,0,0,0,0,0
1544944329734,26114,10.128.0.4 Memory,,,,,true,,0,0,0,0,0,0,0
1544944330750,26118,10.128.0.4 Memory,,,,,true,,0,0,0,0,0,0,0
1544944331765,26018,10.128.0.4 Memory,,,,,true,,0,0,0,0,0,0,0
1544944332781,26027,10.128.0.4 Memory,,,,,true,,0,0,0,0,0,0,0
1544944333797,26087,10.128.0.4 Memory,,,,,true,,0,0,0,0,0,0,0
1544944334797,26082,10.128.0.4 Memory,,,,,true,,0,0,0,0,0,0,0
1544944335812,26134,10.128.0.4 Memory,,,,,true,,0,0,0,0,0,0,0
1544944336812,26057,10.128.0.4 Memory,,,,,true,,0,0,0,0,0,0,0
1544944337812,26033,10.128.0.4 Memory,,,,,true,,0,0,0,0,0,0,0
1544944338828,26145,10.128.0.4 Memory,,,,,true,,0,0,0,0,0,0,0
1544944339828,26084,10.128.0.4 Memory,,,,,true,,0,0,0,0,0,0,0
1544944340844,26090,10.128.0.4 Memory,,,,,true,,0,0,0,0,0,0,0
1544944341859,26064,10.128.0.4 Memory,,,,,true,,0,0,0,0,0,0,0
1544944342875,26066,10.128.0.4 Memory,,,,,true,,0,0,0,0,0,0,0
1544944343891,26229,10.128.0.4 Memory,,,,,true,,0,0,0,0,0,0,0
1544944344906,26114,10.128.0.4 Memory,,,,,true,,0,0,0,0,0,0,0
1544944345906,26085,10.128.0.4 Memory,,,,,true,,0,0,0,0,0,0,0
1544944346906,26089,10.128.0.4 Memory,,,,,true,,0,0,0,0,0,0,0
1544944347922,26081,10.128.0.4 Memory,,,,,true,,0,0,0,0,0,0,0
1544944348922,26194,10.128.0.4 Memory,,,,,true,,0,0,0,0,0,0,0
1544944349922,26159,10.128.0.4 Memory,,,,,true,,0,0,0,0,0,0,0
1544944350937,26087,10.128.0.4 Memory,,,,,true,,0,0,0,0,0,0,0
1544944351938,26088,10.128.0.4 Memory,,,,,true,,0,0,0,0,0,0,0
1544944352953,26132,10.128.0.4 Memory,,,,,true,,0,0,0,0,0,0,0
1544944353969,26157,10.128.0.4 Memory,,,,,true,,0,0,0,0,0,0,0
1544944354984,26153,10.128.0.4 Memory,,,,,true,,0,0,0,0,0,0,0
1544944356000,26126,10.128.0.4 Memory,,,,,true,,0,0,0,0,0,0,0
1544944357000,26076,10.128.0.4 Memory,,,,,true,,0,0,0,0,0,0,0
1544944358016,26070,10.128.0.4 Memory,,,,,true,,0,0,0,0,0,0,0
1544944359016,26178,10.128.0.4 Memory,,,,,true,,0,0,0,0,0,0,0
1544944360031,26112,10.128.0.4 Memory,,,,,true,,0,0,0,0,0,0,0
1544944361047,26203,10.128.0.4 Memory,,,,,true,,0,0,0,0,0,0,0
1544944362047,26074,10.128.0.4 Memory,,,,,true,,0,0,0,0,0,0,0
1544944363062,26202,10.128.0.4 Memory,,,,,true,,0,0,0,0,0,0,0
1544944364062,26154,10.128.0.4 Memory,,,,,true,,0,0,0,0,0,0,0
1544944365062,26118,10.128.0.4 Memory,,,,,true,,0,0,0,0,0,0,0
1544944366078,26178,10.128.0.4 Memory,,,,,true,,0,0,0,0,0,0,0
1544944367078,26188,10.128.0.4 Memory,,,,,true,,0,0,0,0,0,0,0
1544944368093,26170,10.128.0.4 Memory,,,,,true,,0,0,0,0,0,0,0
1544944369093,26159,10.128.0.4 Memory,,,,,true,,0,0,0,0,0,0,0
1544944370093,26108,10.128.0.4 Memory,,,,,true,,0,0,0,0,0,0,0
1544944371093,26133,10.128.0.4 Memory,,,,,true,,0,0,0,0,0,0,0
1544944372094,26188,10.128.0.4 Memory,,,,,true,,0,0,0,0,0,0,0
1544944373109,26224,10.128.0.4 Memory,,,,,true,,0,0,0,0,0,0,0
1544944374328,26215,10.128.0.4 Memory,,,,,true,,0,0,0,0,0,0,0
1544944375328,26173,10.128.0.4 Memory,,,,,true,,0,0,0,0,0,0,0
1544944376344,26168,10.128.0.4 Memory,,,,,true,,0,0,0,0,0,0,0
1544944377359,26158,10.128.0.4 Memory,,,,,true,,0,0,0,0,0,0,0
1544944378375,26109,10.128.0.4 Memory,,,,,true,,0,0,0,0,0,0,0
1544944379375,26206,10.128.0.4 Memory,,,,,true,,0,0,0,0,0,0,0
1544944380390,26206,10.128.0.4 Memory,,,,,true,,0,0,0,0,0,0,0
1544944381390,26232,10.128.0.4 Memory,,,,,true,,0,0,0,0,0,0,0
1544944382406,26135,10.128.0.4 Memory,,,,,true,,0,0,0,0,0,0,0
1544944383406,26225,10.128.0.4 Memory,,,,,true,,0,0,0,0,0,0,0
1544944384422,26192,10.128.0.4 Memory,,,,,true,,0,0,0,0,0,0,0
1544944385437,26210,10.128.0.4 Memory,,,,,true,,0,0,0,0,0,0,0
1544944386437,26215,10.128.0.4 Memory,,,,,true,,0,0,0,0,0,0,0
1544944387453,26148,10.128.0.4 Memory,,,,,true,,0,0,0,0,0,0,0
1544944388468,26177,10.128.0.4 Memory,,,,,true,,0,0,0,0,0,0,0
1544944389484,26248,10.128.0.4 Memory,,,,,true,,0,0,0,0,0,0,0
1544944390500,26207,10.128.0.4 Memory,,,,,true,,0,0,0,0,0,0,0
1544944391515,26243,10.128.0.4 Memory,,,,,true,,0,0,0,0,0,0,0
1544944392531,26166,10.128.0.4 Memory,,,,,true,,0,0,0,0,0,0,0
1544944393531,26109,10.128.0.4 Memory,,,,,true,,0,0,0,0,0,0,0
1544944394547,26217,10.128.0.4 Memory,,,,,true,,0,0,0,0,0,0,0
1544944395547,26181,10.128.0.4 Memory,,,,,true,,0,0,0,0,0,0,0
1544944396562,26137,10.128.0.4 Memory,,,,,true,,0,0,0,0,0,0,0
1544944397578,26136,10.128.0.4 Memory,,,,,true,,0,0,0,0,0,0,0
1544944398594,26125,10.128.0.4 Memory,,,,,true,,0,0,0,0,0,0,0
1544944399594,26311,10.128.0.4 Memory,,,,,true,,0,0,0,0,0,0,0
1544944400609,26175,10.128.0.4 Memory,,,,,true,,0,0,0,0,0,0,0
1544944401625,26166,10.128.0.4 Memory,,,,,true,,0,0,0,0,0,0,0
1544944402640,26217,10.128.0.4 Memory,,,,,true,,0,0,0,0,0,0,0
1544944403656,26136,10.128.0.4 Memory,,,,,true,,0,0,0,0,0,0,0
1544944404656,26223,10.128.0.4 Memory,,,,,true,,0,0,0,0,0,0,0
1544944405671,26180,10.128.0.4 Memory,,,,,true,,0,0,0,0,0,0,0
1544944406671,26173,10.128.0.4 Memory,,,,,true,,0,0,0,0,0,0,0
1544944407672,26151,10.128.0.4 Memory,,,,,true,,0,0,0,0,0,0,0
1544944408687,26216,10.128.0.4 Memory,,,,,true,,0,0,0,0,0,0,0
1544944409703,26251,10.128.0.4 Memory,,,,,true,,0,0,0,0,0,0,0
1544944410718,26170,10.128.0.4 Memory,,,,,true,,0,0,0,0,0,0,0
1544944411718,26161,10.128.0.4 Memory,,,,,true,,0,0,0,0,0,0,0
1544944412734,26170,10.128.0.4 Memory,,,,,true,,0,0,0,0,0,0,0
1544944413734,26191,10.128.0.4 Memory,,,,,true,,0,0,0,0,0,0,0
1544944414750,26191,10.128.0.4 Memory,,,,,true,,0,0,0,0,0,0,0
1544944415765,26226,10.128.0.4 Memory,,,,,true,,0,0,0,0,0,0,0
1544944416781,26199,10.128.0.4 Memory,,,,,true,,0,0,0,0,0,0,0
1544944417781,26207,10.128.0.4 Memory,,,,,true,,0,0,0,0,0,0,0
1544944418796,26175,10.128.0.4 Memory,,,,,true,,0,0,0,0,0,0,0
1544944419797,26171,10.128.0.4 Memory,,,,,true,,0,0,0,0,0,0,0
1544944420797,26178,10.128.0.4 Memory,,,,,true,,0,0,0,0,0,0,0
1544944421812,26195,10.128.0.4 Memory,,,,,true,,0,0,0,0,0,0,0
1544944422828,26236,10.128.0.4 Memory,,,,,true,,0,0,0,0,0,0,0
1544944423844,26180,10.128.0.4 Memory,,,,,true,,0,0,0,0,0,0,0
1544944424859,26206,10.128.0.4 Memory,,,,,true,,0,0,0,0,0,0,0
1544944425875,26160,10.128.0.4 Memory,,,,,true,,0,0,0,0,0,0,0
1544944426875,26218,10.128.0.4 Memory,,,,,true,,0,0,0,0,0,0,0
1544944427890,26280,10.128.0.4 Memory,,,,,true,,0,0,0,0,0,0,0
1544944428906,26159,10.128.0.4 Memory,,,,,true,,0,0,0,0,0,0,0
1544944429906,26174,10.128.0.4 Memory,,,,,true,,0,0,0,0,0,0,0
1544944430922,26142,10.128.0.4 Memory,,,,,true,,0,0,0,0,0,0,0
1544944431922,26274,10.128.0.4 Memory,,,,,true,,0,0,0,0,0,0,0
1544944432937,26188,10.128.0.4 Memory,,,,,true,,0,0,0,0,0,0,0
1544944433937,26180,10.128.0.4 Memory,,,,,true,,0,0,0,0,0,0,0
1544944434953,26168,10.128.0.4 Memory,,,,,true,,0,0,0,0,0,0,0
1544944435968,26274,10.128.0.4 Memory,,,,,true,,0,0,0,0,0,0,0
1544944436968,26216,10.128.0.4 Memory,,,,,true,,0,0,0,0,0,0,0
1544944437968,26211,10.128.0.4 Memory,,,,,true,,0,0,0,0,0,0,0
1544944438969,26162,10.128.0.4 Memory,,,,,true,,0,0,0,0,0,0,0
1544944439984,26139,10.128.0.4 Memory,,,,,true,,0,0,0,0,0,0,0
1544944441000,26227,10.128.0.4 Memory,,,,,true,,0,0,0,0,0,0,0
1544944442015,26251,10.128.0.4 Memory,,,,,true,,0,0,0,0,0,0,0
1544944443031,26169,10.128.0.4 Memory,,,,,true,,0,0,0,0,0,0,0
1544944444047,26170,10.128.0.4 Memory,,,,,true,,0,0,0,0,0,0,0
1544944445062,26232,10.128.0.4 Memory,,,,,true,,0,0,0,0,0,0,0
1544944446063,26186,10.128.0.4 Memory,,,,,true,,0,0,0,0,0,0,0
1544944447082,26276,10.128.0.4 Memory,,,,,true,,0,0,0,0,0,0,0
1544944448084,26161,10.128.0.4 Memory,,,,,true,,0,0,0,0,0,0,0
1544944449092,26263,10.128.0.4 Memory,,,,,true,,0,0,0,0,0,0,0
1544944450093,26241,10.128.0.4 Memory,,,,,true,,0,0,0,0,0,0,0
1544944451094,26197,10.128.0.4 Memory,,,,,true,,0,0,0,0,0,0,0
1544944452094,26194,10.128.0.4 Memory,,,,,true,,0,0,0,0,0,0,0
1544944453095,26292,10.128.0.4 Memory,,,,,true,,0,0,0,0,0,0,0
1544944454095,26403,10.128.0.4 Memory,,,,,true,,0,0,0,0,0,0,0
1544944455095,26402,10.128.0.4 Memory,,,,,true,,0,0,0,0,0,0,0
1544944456096,26374,10.128.0.4 Memory,,,,,true,,0,0,0,0,0,0,0
1544944457097,26712,10.128.0.4 Memory,,,,,true,,0,0,0,0,0,0,0
1544944458097,27580,10.128.0.4 Memory,,,,,true,,0,0,0,0,0,0,0
1544944459097,28602,10.128.0.4 Memory,,,,,true,,0,0,0,0,0,0,0
1544944460097,29664,10.128.0.4 Memory,,,,,true,,0,0,0,0,0,0,0
1544944461168,30488,10.128.0.4 Memory,,,,,true,,0,0,0,0,0,0,0
1544944462196,31150,10.128.0.4 Memory,,,,,true,,0,0,0,0,0,0,0
1544944463196,31448,10.128.0.4 Memory,,,,,true,,0,0,0,0,0,0,0
1544944464196,25822,10.128.0.4 Memory,,,,,true,,0,0,0,0,0,0,0
1544944465197,25850,10.128.0.4 Memory,,,,,true,,0,0,0,0,0,0,0
1544944466199,25807,10.128.0.4 Memory,,,,,true,,0,0,0,0,0,0,0
1544944467199,25848,10.128.0.4 Memory,,,,,true,,0,0,0,0,0,0,0
1544944468234,25864,10.128.0.4 Memory,,,,,true,,0,0,0,0,0,0,0
1544944469235,25865,10.128.0.4 Memory,,,,,true,,0,0,0,0,0,0,0
1544944470238,25799,10.128.0.4 Memory,,,,,true,,0,0,0,0,0,0,0
1544944471239,25759,10.128.0.4 Memory,,,,,true,,0,0,0,0,0,0,0
1544944472245,25847,10.128.0.4 Memory,,,,,true,,0,0,0,0,0,0,0
1544944473259,25912,10.128.0.4 Memory,,,,,true,,0,0,0,0,0,0,0
1544944474259,25788,10.128.0.4 Memory,,,,,true,,0,0,0,0,0,0,0
1544944475259,25863,10.128.0.4 Memory,,,,,true,,0,0,0,0,0,0,0
1544944476267,25860,10.128.0.4 Memory,,,,,true,,0,0,0,0,0,0,0
1544944477269,25837,10.128.0.4 Memory,,,,,true,,0,0,0,0,0,0,0
1544944478271,25839,10.128.0.4 Memory,,,,,true,,0,0,0,0,0,0,0
1544944479280,25810,10.128.0.4 Memory,,,,,true,,0,0,0,0,0,0,0
1544944480284,25870,10.128.0.4 Memory,,,,,true,,0,0,0,0,0,0,0
1544944481284,25868,10.128.0.4 Memory,,,,,true,,0,0,0,0,0,0,0
1544944482292,25806,10.128.0.4 Memory,,,,,true,,0,0,0,0,0,0,0
1544944483292,25803,10.128.0.4 Memory,,,,,true,,0,0,0,0,0,0,0
1544944484293,25864,10.128.0.4 Memory,,,,,true,,0,0,0,0,0,0,0
1544944485294,25856,10.128.0.4 Memory,,,,,true,,0,0,0,0,0,0,0
1544944486295,25875,10.128.0.4 Memory,,,,,true,,0,0,0,0,0,0,0
1544944487296,25854,10.128.0.4 Memory,,,,,true,,0,0,0,0,0,0,0
1544944488298,25901,10.128.0.4 Memory,,,,,true,,0,0,0,0,0,0,0
1544944489299,25833,10.128.0.4 Memory,,,,,true,,0,0,0,0,0,0,0
1544944490299,25833,10.128.0.4 Memory,,,,,true,,0,0,0,0,0,0,0
1544944491300,25875,10.128.0.4 Memory,,,,,true,,0,0,0,0,0,0,0
1544944492304,25792,10.128.0.4 Memory,,,,,true,,0,0,0,0,0,0,0
1544944493304,25853,10.128.0.4 Memory,,,,,true,,0,0,0,0,0,0,0
1544944494305,25864,10.128.0.4 Memory,,,,,true,,0,0,0,0,0,0,0
1544944495305,25811,10.128.0.4 Memory,,,,,true,,0,0,0,0,0,0,0
1544944496305,25795,10.128.0.4 Memory,,,,,true,,0,0,0,0,0,0,0
1544944497306,25868,10.128.0.4 Memory,,,,,true,,0,0,0,0,0,0,0
1544944498308,25828,10.128.0.4 Memory,,,,,true,,0,0,0,0,0,0,0
1544944499308,25773,10.128.0.4 Memory,,,,,true,,0,0,0,0,0,0,0
1544944500312,25833,10.128.0.4 Memory,,,,,true,,0,0,0,0,0,0,0
1544944501313,25841,10.128.0.4 Memory,,,,,true,,0,0,0,0,0,0,0
1544944502314,25821,10.128.0.4 Memory,,,,,true,,0,0,0,0,0,0,0
1544944503315,25810,10.128.0.4 Memory,,,,,true,,0,0,0,0,0,0,0
1544944504316,25832,10.128.0.4 Memory,,,,,true,,0,0,0,0,0,0,0
1544944505318,25856,10.128.0.4 Memory,,,,,true,,0,0,0,0,0,0,0
1544944506321,25899,10.128.0.4 Memory,,,,,true,,0,0,0,0,0,0,0
1544944507322,25798,10.128.0.4 Memory,,,,,true,,0,0,0,0,0,0,0
1544944508323,25786,10.128.0.4 Memory,,,,,true,,0,0,0,0,0,0,0
1544944509325,25860,10.128.0.4 Memory,,,,,true,,0,0,0,0,0,0,0
1544944510325,25890,10.128.0.4 Memory,,,,,true,,0,0,0,0,0,0,0
1544944511326,25851,10.128.0.4 Memory,,,,,true,,0,0,0,0,0,0,0
1544944512327,25836,10.128.0.4 Memory,,,,,true,,0,0,0,0,0,0,0
1544944513328,25845,10.128.0.4 Memory,,,,,true,,0,0,0,0,0,0,0
1544944514328,25842,10.128.0.4 Memory,,,,,true,,0,0,0,0,0,0,0
1544944515328,25861,10.128.0.4 Memory,,,,,true,,0,0,0,0,0,0,0
1544944516329,25912,10.128.0.4 Memory,,,,,true,,0,0,0,0,0,0,0
1544944517330,25843,10.128.0.4 Memory,,,,,true,,0,0,0,0,0,0,0
1544944518331,25876,10.128.0.4 Memory,,,,,true,,0,0,0,0,0,0,0
1544944519347,25881,10.128.0.4 Memory,,,,,true,,0,0,0,0,0,0,0
1544944520358,25831,10.128.0.4 Memory,,,,,true,,0,0,0,0,0,0,0
1544944521358,25832,10.128.0.4 Memory,,,,,true,,0,0,0,0,0,0,0
1544944522358,25879,10.128.0.4 Memory,,,,,true,,0,0,0,0,0,0,0
1544944523359,25820,10.128.0.4 Memory,,,,,true,,0,0,0,0,0,0,0
1544944524360,25812,10.128.0.4 Memory,,,,,true,,0,0,0,0,0,0,0
1544944525362,25794,10.128.0.4 Memory,,,,,true,,0,0,0,0,0,0,0
1544944526375,25862,10.128.0.4 Memory,,,,,true,,0,0,0,0,0,0,0
1544944527375,25958,10.128.0.4 Memory,,,,,true,,0,0,0,0,0,0,0
1544944528375,25862,10.128.0.4 Memory,,,,,true,,0,0,0,0,0,0,0
1544944529376,25822,10.128.0.4 Memory,,,,,true,,0,0,0,0,0,0,0
1544944530377,25869,10.128.0.4 Memory,,,,,true,,0,0,0,0,0,0,0
1544944531378,25890,10.128.0.4 Memory,,,,,true,,0,0,0,0,0,0,0
1544944532390,25844,10.128.0.4 Memory,,,,,true,,0,0,0,0,0,0,0
1544944533406,25833,10.128.0.4 Memory,,,,,true,,0,0,0,0,0,0,0
1544944534422,25829,10.128.0.4 Memory,,,,,true,,0,0,0,0,0,0,0
1544944535437,25960,10.128.0.4 Memory,,,,,true,,0,0,0,0,0,0,0
1544944536437,25897,10.128.0.4 Memory,,,,,true,,0,0,0,0,0,0,0
1544944537437,25842,10.128.0.4 Memory,,,,,true,,0,0,0,0,0,0,0
1544944538453,25860,10.128.0.4 Memory,,,,,true,,0,0,0,0,0,0,0
1544944539454,25922,10.128.0.4 Memory,,,,,true,,0,0,0,0,0,0,0
1544944540469,25843,10.128.0.4 Memory,,,,,true,,0,0,0,0,0,0,0
1544944541469,25854,10.128.0.4 Memory,,,,,true,,0,0,0,0,0,0,0
1544944542469,25794,10.128.0.4 Memory,,,,,true,,0,0,0,0,0,0,0
1544944543484,25876,10.128.0.4 Memory,,,,,true,,0,0,0,0,0,0,0
1544944544484,25867,10.128.0.4 Memory,,,,,true,,0,0,0,0,0,0,0
1544944545484,25919,10.128.0.4 Memory,,,,,true,,0,0,0,0,0,0,0
1544944546485,25800,10.128.0.4 Memory,,,,,true,,0,0,0,0,0,0,0
1544944547500,25868,10.128.0.4 Memory,,,,,true,,0,0,0,0,0,0,0
1544944548515,25851,10.128.0.4 Memory,,,,,true,,0,0,0,0,0,0,0
1544944549515,25834,10.128.0.4 Memory,,,,,true,,0,0,0,0,0,0,0
1544944550515,25926,10.128.0.4 Memory,,,,,true,,0,0,0,0,0,0,0
1544944551518,25900,10.128.0.4 Memory,,,,,true,,0,0,0,0,0,0,0
1544944552524,25876,10.128.0.4 Memory,,,,,true,,0,0,0,0,0,0,0
1544944553531,25871,10.128.0.4 Memory,,,,,true,,0,0,0,0,0,0,0
1544944554531,25809,10.128.0.4 Memory,,,,,true,,0,0,0,0,0,0,0
1544944555531,25891,10.128.0.4 Memory,,,,,true,,0,0,0,0,0,0,0
1544944556547,25862,10.128.0.4 Memory,,,,,true,,0,0,0,0,0,0,0
1544944557562,25819,10.128.0.4 Memory,,,,,true,,0,0,0,0,0,0,0
1544944558562,26003,10.128.0.4 Memory,,,,,true,,0,0,0,0,0,0,0
1544944559578,25896,10.128.0.4 Memory,,,,,true,,0,0,0,0,0,0,0
1544944560594,25875,10.128.0.4 Memory,,,,,true,,0,0,0,0,0,0,0
1544944561609,25874,10.128.0.4 Memory,,,,,true,,0,0,0,0,0,0,0
1544944562625,25925,10.128.0.4 Memory,,,,,true,,0,0,0,0,0,0,0
1544944563625,25921,10.128.0.4 Memory,,,,,true,,0,0,0,0,0,0,0
1544944564641,25907,10.128.0.4 Memory,,,,,true,,0,0,0,0,0,0,0
1544944565656,25899,10.128.0.4 Memory,,,,,true,,0,0,0,0,0,0,0
1544944566656,26000,10.128.0.4 Memory,,,,,true,,0,0,0,0,0,0,0
1544944567672,25891,10.128.0.4 Memory,,,,,true,,0,0,0,0,0,0,0
1544944568672,25878,10.128.0.4 Memory,,,,,true,,0,0,0,0,0,0,0
1544944569687,25843,10.128.0.4 Memory,,,,,true,,0,0,0,0,0,0,0
1544944570703,25883,10.128.0.4 Memory,,,,,true,,0,0,0,0,0,0,0
1544944571703,25901,10.128.0.4 Memory,,,,,true,,0,0,0,0,0,0,0
1544944572726,25839,10.128.0.4 Memory,,,,,true,,0,0,0,0,0,0,0
1544944573734,25870,10.128.0.4 Memory,,,,,true,,0,0,0,0,0,0,0
1544944574734,25896,10.128.0.4 Memory,,,,,true,,0,0,0,0,0,0,0
1544944575734,25871,10.128.0.4 Memory,,,,,true,,0,0,0,0,0,0,0
1544944576734,25879,10.128.0.4 Memory,,,,,true,,0,0,0,0,0,0,0
1544944577750,25814,10.128.0.4 Memory,,,,,true,,0,0,0,0,0,0,0
1544944578750,25934,10.128.0.4 Memory,,,,,true,,0,0,0,0,0,0,0
1544944579766,25899,10.128.0.4 Memory,,,,,true,,0,0,0,0,0,0,0
1544944580766,25861,10.128.0.4 Memory,,,,,true,,0,0,0,0,0,0,0
1544944581781,25829,10.128.0.4 Memory,,,,,true,,0,0,0,0,0,0,0
1544944582797,25981,10.128.0.4 Memory,,,,,true,,0,0,0,0,0,0,0
1544944583812,25870,10.128.0.4 Memory,,,,,true,,0,0,0,0,0,0,0
1544944584812,25858,10.128.0.4 Memory,,,,,true,,0,0,0,0,0,0,0
1544944585828,25839,10.128.0.4 Memory,,,,,true,,0,0,0,0,0,0,0
1544944586828,25912,10.128.0.4 Memory,,,,,true,,0,0,0,0,0,0,0
1544944587844,25845,10.128.0.4 Memory,,,,,true,,0,0,0,0,0,0,0
1544944588844,25842,10.128.0.4 Memory,,,,,true,,0,0,0,0,0,0,0
1544944589844,25818,10.128.0.4 Memory,,,,,true,,0,0,0,0,0,0,0
1544944590859,25895,10.128.0.4 Memory,,,,,true,,0,0,0,0,0,0,0
1544944591875,25854,10.128.0.4 Memory,,,,,true,,0,0,0,0,0,0,0
1544944592875,25848,10.128.0.4 Memory,,,,,true,,0,0,0,0,0,0,0
1544944593875,25832,10.128.0.4 Memory,,,,,true,,0,0,0,0,0,0,0
1544944594891,25882,10.128.0.4 Memory,,,,,true,,0,0,0,0,0,0,0
1544944595906,25924,10.128.0.4 Memory,,,,,true,,0,0,0,0,0,0,0
1544944596922,25860,10.128.0.4 Memory,,,,,true,,0,0,0,0,0,0,0
1544944597922,25798,10.128.0.4 Memory,,,,,true,,0,0,0,0,0,0,0
1544944598937,25912,10.128.0.4 Memory,,,,,true,,0,0,0,0,0,0,0
1544944599937,25843,10.128.0.4 Memory,,,,,true,,0,0,0,0,0,0,0
1544944600953,25869,10.128.0.4 Memory,,,,,true,,0,0,0,0,0,0,0
1544944601969,25805,10.128.0.4 Memory,,,,,true,,0,0,0,0,0,0,0
1544944602985,25887,10.128.0.4 Memory,,,,,true,,0,0,0,0,0,0,0
1544944603985,25863,10.128.0.4 Memory,,,,,true,,0,0,0,0,0,0,0
1544944605002,25857,10.128.0.4 Memory,,,,,true,,0,0,0,0,0,0,0
1544944606016,25874,10.128.0.4 Memory,,,,,true,,0,0,0,0,0,0,0
1544944607016,25870,10.128.0.4 Memory,,,,,true,,0,0,0,0,0,0,0
1544944608032,25915,10.128.0.4 Memory,,,,,true,,0,0,0,0,0,0,0
1544944609048,25851,10.128.0.4 Memory,,,,,true,,0,0,0,0,0,0,0
1544944610063,25847,10.128.0.4 Memory,,,,,true,,0,0,0,0,0,0,0
1544944611079,25918,10.128.0.4 Memory,,,,,true,,0,0,0,0,0,0,0
1544944612094,25892,10.128.0.4 Memory,,,,,true,,0,0,0,0,0,0,0
1544944613095,25880,10.128.0.4 Memory,,,,,true,,0,0,0,0,0,0,0
1544944614110,25839,10.128.0.4 Memory,,,,,true,,0,0,0,0,0,0,0
1544944615126,25861,10.128.0.4 Memory,,,,,true,,0,0,0,0,0,0,0
1544944616126,25923,10.128.0.4 Memory,,,,,true,,0,0,0,0,0,0,0
1544944617141,25865,10.128.0.4 Memory,,,,,true,,0,0,0,0,0,0,0
1544944618157,25840,10.128.0.4 Memory,,,,,true,,0,0,0,0,0,0,0
1544944619172,25924,10.128.0.4 Memory,,,,,true,,0,0,0,0,0,0,0
1544944620188,25862,10.128.0.4 Memory,,,,,true,,0,0,0,0,0,0,0
1544944621188,25884,10.128.0.4 Memory,,,,,true,,0,0,0,0,0,0,0
1544944622188,25845,10.128.0.4 Memory,,,,,true,,0,0,0,0,0,0,0
1544944623204,25939,10.128.0.4 Memory,,,,,true,,0,0,0,0,0,0,0
1544944624219,25883,10.128.0.4 Memory,,,,,true,,0,0,0,0,0,0,0
1544944625235,25942,10.128.0.4 Memory,,,,,true,,0,0,0,0,0,0,0
1544944626235,25886,10.128.0.4 Memory,,,,,true,,0,0,0,0,0,0,0
1544944627251,25892,10.128.0.4 Memory,,,,,true,,0,0,0,0,0,0,0
1544944628266,25922,10.128.0.4 Memory,,,,,true,,0,0,0,0,0,0,0
1544944629266,25874,10.128.0.4 Memory,,,,,true,,0,0,0,0,0,0,0
1544944630282,25844,10.128.0.4 Memory,,,,,true,,0,0,0,0,0,0,0
1544944631297,25907,10.128.0.4 Memory,,,,,true,,0,0,0,0,0,0,0
1544944632313,25886,10.128.0.4 Memory,,,,,true,,0,0,0,0,0,0,0
1544944633313,25880,10.128.0.4 Memory,,,,,true,,0,0,0,0,0,0,0
1544944634313,25887,10.128.0.4 Memory,,,,,true,,0,0,0,0,0,0,0
1544944635313,25909,10.128.0.4 Memory,,,,,true,,0,0,0,0,0,0,0
1544944636329,25889,10.128.0.4 Memory,,,,,true,,0,0,0,0,0,0,0
1544944637344,25851,10.128.0.4 Memory,,,,,true,,0,0,0,0,0,0,0
1544944638344,25833,10.128.0.4 Memory,,,,,true,,0,0,0,0,0,0,0
1544944639360,25796,10.128.0.4 Memory,,,,,true,,0,0,0,0,0,0,0
1544944640376,25897,10.128.0.4 Memory,,,,,true,,0,0,0,0,0,0,0
1544944641376,25915,10.128.0.4 Memory,,,,,true,,0,0,0,0,0,0,0
1544944642391,25901,10.128.0.4 Memory,,,,,true,,0,0,0,0,0,0,0
1544944643391,25860,10.128.0.4 Memory,,,,,true,,0,0,0,0,0,0,0
1544944644407,25900,10.128.0.4 Memory,,,,,true,,0,0,0,0,0,0,0
1544944645423,25851,10.128.0.4 Memory,,,,,true,,0,0,0,0,0,0,0
1544944646438,25920,10.128.0.4 Memory,,,,,true,,0,0,0,0,0,0,0
1544944647454,25821,10.128.0.4 Memory,,,,,true,,0,0,0,0,0,0,0
1544944648454,25919,10.128.0.4 Memory,,,,,true,,0,0,0,0,0,0,0
1544944649454,25885,10.128.0.4 Memory,,,,,true,,0,0,0,0,0,0,0
1544944650470,25846,10.128.0.4 Memory,,,,,true,,0,0,0,0,0,0,0
1544944651485,25912,10.128.0.4 Memory,,,,,true,,0,0,0,0,0,0,0
1544944652501,25882,10.128.0.4 Memory,,,,,true,,0,0,0,0,0,0,0
1544944653501,25851,10.128.0.4 Memory,,,,,true,,0,0,0,0,0,0,0
1544944654516,25823,10.128.0.4 Memory,,,,,true,,0,0,0,0,0,0,0
1544944655532,25944,10.128.0.4 Memory,,,,,true,,0,0,0,0,0,0,0
1544944656532,25900,10.128.0.4 Memory,,,,,true,,0,0,0,0,0,0,0
1544944657547,25869,10.128.0.4 Memory,,,,,true,,0,0,0,0,0,0,0
1544944658563,25830,10.128.0.4 Memory,,,,,true,,0,0,0,0,0,0,0
1544944659563,25893,10.128.0.4 Memory,,,,,true,,0,0,0,0,0,0,0
1544944660563,25867,10.128.0.4 Memory,,,,,true,,0,0,0,0,0,0,0
1544944661579,25850,10.128.0.4 Memory,,,,,true,,0,0,0,0,0,0,0
1544944662579,25800,10.128.0.4 Memory,,,,,true,,0,0,0,0,0,0,0
1544944663579,25804,10.128.0.4 Memory,,,,,true,,0,0,0,0,0,0,0
1544944664595,25869,10.128.0.4 Memory,,,,,true,,0,0,0,0,0,0,0
1544944665610,25841,10.128.0.4 Memory,,,,,true,,0,0,0,0,0,0,0
1544944666641,25833,10.128.0.4 Memory,,,,,true,,0,0,0,0,0,0,0
1544944667641,25809,10.128.0.4 Memory,,,,,true,,0,0,0,0,0,0,0
1544944668657,25879,10.128.0.4 Memory,,,,,true,,0,0,0,0,0,0,0
1544944669657,25888,10.128.0.4 Memory,,,,,true,,0,0,0,0,0,0,0
1544944670673,25844,10.128.0.4 Memory,,,,,true,,0,0,0,0,0,0,0
1544944671688,25806,10.128.0.4 Memory,,,,,true,,0,0,0,0,0,0,0
1544944672704,25886,10.128.0.4 Memory,,,,,true,,0,0,0,0,0,0,0
1544944673704,25894,10.128.0.4 Memory,,,,,true,,0,0,0,0,0,0,0
1544944674704,25825,10.128.0.4 Memory,,,,,true,,0,0,0,0,0,0,0
1544944675720,25882,10.128.0.4 Memory,,,,,true,,0,0,0,0,0,0,0
1544944676735,25860,10.128.0.4 Memory,,,,,true,,0,0,0,0,0,0,0
1544944677735,25826,10.128.0.4 Memory,,,,,true,,0,0,0,0,0,0,0
1544944678735,25822,10.128.0.4 Memory,,,,,true,,0,0,0,0,0,0,0
1544944679735,25951,10.128.0.4 Memory,,,,,true,,0,0,0,0,0,0,0
1544944680751,25905,10.128.0.4 Memory,,,,,true,,0,0,0,0,0,0,0
1544944681766,25821,10.128.0.4 Memory,,,,,true,,0,0,0,0,0,0,0
1544944682766,25805,10.128.0.4 Memory,,,,,true,,0,0,0,0,0,0,0
1544944683782,26001,10.128.0.4 Memory,,,,,true,,0,0,0,0,0,0,0
1544944684782,25879,10.128.0.4 Memory,,,,,true,,0,0,0,0,0,0,0
1544944685797,25894,10.128.0.4 Memory,,,,,true,,0,0,0,0,0,0,0
1544944686813,25786,10.128.0.4 Memory,,,,,true,,0,0,0,0,0,0,0
1544944687813,25874,10.128.0.4 Memory,,,,,true,,0,0,0,0,0,0,0
1544944688813,25832,10.128.0.4 Memory,,,,,true,,0,0,0,0,0,0,0
1544944689829,25845,10.128.0.4 Memory,,,,,true,,0,0,0,0,0,0,0
1544944690844,25821,10.128.0.4 Memory,,,,,true,,0,0,0,0,0,0,0
1544944691845,25850,10.128.0.4 Memory,,,,,true,,0,0,0,0,0,0,0
1544944692860,25944,10.128.0.4 Memory,,,,,true,,0,0,0,0,0,0,0
1544944693860,25912,10.128.0.4 Memory,,,,,true,,0,0,0,0,0,0,0
1544944694876,25826,10.128.0.4 Memory,,,,,true,,0,0,0,0,0,0,0
1544944695891,25815,10.128.0.4 Memory,,,,,true,,0,0,0,0,0,0,0
1544944696907,25890,10.128.0.4 Memory,,,,,true,,0,0,0,0,0,0,0
1544944697923,25848,10.128.0.4 Memory,,,,,true,,0,0,0,0,0,0,0
1544944698938,25848,10.128.0.4 Memory,,,,,true,,0,0,0,0,0,0,0
1544944699954,25896,10.128.0.4 Memory,,,,,true,,0,0,0,0,0,0,0
1544944700954,25908,10.128.0.4 Memory,,,,,true,,0,0,0,0,0,0,0
1544944701970,25904,10.128.0.4 Memory,,,,,true,,0,0,0,0,0,0,0
1544944702970,25835,10.128.0.4 Memory,,,,,true,,0,0,0,0,0,0,0
1544944703970,25855,10.128.0.4 Memory,,,,,true,,0,0,0,0,0,0,0
1544944704985,25873,10.128.0.4 Memory,,,,,true,,0,0,0,0,0,0,0
1544944706003,25875,10.128.0.4 Memory,,,,,true,,0,0,0,0,0,0,0
1544944707016,25803,10.128.0.4 Memory,,,,,true,,0,0,0,0,0,0,0
1544944708032,25921,10.128.0.4 Memory,,,,,true,,0,0,0,0,0,0,0
1544944709048,25925,10.128.0.4 Memory,,,,,true,,0,0,0,0,0,0,0
1544944710063,25814,10.128.0.4 Memory,,,,,true,,0,0,0,0,0,0,0
1544944711063,25840,10.128.0.4 Memory,,,,,true,,0,0,0,0,0,0,0
1544944712064,25892,10.128.0.4 Memory,,,,,true,,0,0,0,0,0,0,0
1544944713079,25835,10.128.0.4 Memory,,,,,true,,0,0,0,0,0,0,0
1544944714079,25900,10.128.0.4 Memory,,,,,true,,0,0,0,0,0,0,0
1544944715095,25877,10.128.0.4 Memory,,,,,true,,0,0,0,0,0,0,0
1544944716095,25869,10.128.0.4 Memory,,,,,true,,0,0,0,0,0,0,0
1544944717110,25990,10.128.0.4 Memory,,,,,true,,0,0,0,0,0,0,0
1544944718110,25845,10.128.0.4 Memory,,,,,true,,0,0,0,0,0,0,0
1544944719110,25846,10.128.0.4 Memory,,,,,true,,0,0,0,0,0,0,0
1544944720110,25907,10.128.0.4 Memory,,,,,true,,0,0,0,0,0,0,0
1544944721126,25841,10.128.0.4 Memory,,,,,true,,0,0,0,0,0,0,0
1544944722126,25869,10.128.0.4 Memory,,,,,true,,0,0,0,0,0,0,0
1544944723142,25829,10.128.0.4 Memory,,,,,true,,0,0,0,0,0,0,0
1544944724157,25903,10.128.0.4 Memory,,,,,true,,0,0,0,0,0,0,0
1544944725173,25874,10.128.0.4 Memory,,,,,true,,0,0,0,0,0,0,0
1544944726189,25840,10.128.0.4 Memory,,,,,true,,0,0,0,0,0,0,0
1544944727204,25810,10.128.0.4 Memory,,,,,true,,0,0,0,0,0,0,0
1544944728235,25910,10.128.0.4 Memory,,,,,true,,0,0,0,0,0,0,0
1544944729235,25879,10.128.0.4 Memory,,,,,true,,0,0,0,0,0,0,0
1544944730266,25831,10.128.0.4 Memory,,,,,true,,0,0,0,0,0,0,0
1544944731298,25781,10.128.0.4 Memory,,,,,true,,0,0,0,0,0,0,0
1544944732298,25872,10.128.0.4 Memory,,,,,true,,0,0,0,0,0,0,0
1544944733298,25902,10.128.0.4 Memory,,,,,true,,0,0,0,0,0,0,0
1544944734313,25863,10.128.0.4 Memory,,,,,true,,0,0,0,0,0,0,0
1544944735329,25941,10.128.0.4 Memory,,,,,true,,0,0,0,0,0,0,0
1544944736345,25887,10.128.0.4 Memory,,,,,true,,0,0,0,0,0,0,0
1544944737360,25847,10.128.0.4 Memory,,,,,true,,0,0,0,0,0,0,0
1544944738360,25817,10.128.0.4 Memory,,,,,true,,0,0,0,0,0,0,0
1544944739360,25893,10.128.0.4 Memory,,,,,true,,0,0,0,0,0,0,0
1544944740376,25932,10.128.0.4 Memory,,,,,true,,0,0,0,0,0,0,0
1544944741391,25860,10.128.0.4 Memory,,,,,true,,0,0,0,0,0,0,0
1544944742391,25912,10.128.0.4 Memory,,,,,true,,0,0,0,0,0,0,0
1544944743391,25973,10.128.0.4 Memory,,,,,true,,0,0,0,0,0,0,0
1544944744391,25906,10.128.0.4 Memory,,,,,true,,0,0,0,0,0,0,0
1544944745407,25861,10.128.0.4 Memory,,,,,true,,0,0,0,0,0,0,0
1544944746423,25821,10.128.0.4 Memory,,,,,true,,0,0,0,0,0,0,0
